DATE,PRICE
2014-01-01,
2014-01-02,3650.0
2014-01-03,
2014-01-04,3800.0
2014-01-05,
2014-01-06,3850.0
2014-01-07,3650.0
2014-01-08,3700.0
2014-01-09,3700.0
2014-01-10,3700.0
2014-01-11,3640.0
2014-01-12,
2014-01-13,3700.0
2014-01-14,
2014-01-15,3825.0
2014-01-16,3575.0
2014-01-17,3700.0
2014-01-18,3700.0
2014-01-19,
2014-01-20,3675.0
2014-01-21,3700.0
2014-01-22,3750.0
2014-01-23,3700.0
2014-01-24,3750.0
2014-01-25,3740.0
2014-01-26,
2014-01-27,3700.0
2014-01-28,3750.0
2014-01-29,3770.0
2014-01-30,3750.0
2014-01-31,3700.0
2014-02-01,3770.0
2014-02-02,
2014-02-03,3880.0
2014-02-04,
2014-02-05,
2014-02-06,
2014-02-07,3800.0
2014-02-08,3650.0
2014-02-09,
2014-02-10,3700.0
2014-02-11,3720.0
2014-02-12,3850.0
2014-02-13,3800.0
2014-02-14,3850.0
2014-02-15,3850.0
2014-02-16,
2014-02-17,3750.0
2014-02-18,3775.0
2014-02-19,3800.0
2014-02-20,3750.0
2014-02-21,3770.0
2014-02-22,3700.0
2014-02-23,
2014-02-24,3785.0
2014-02-25,3750.0
2014-02-26,3775.0
2014-02-27,
2014-02-28,3850.0
2014-03-01,3800.0
2014-03-02,
2014-03-03,3850.0
2014-03-04,3900.0
2014-03-05,3885.0
2014-03-06,3925.0
2014-03-07,3900.0
2014-03-08,3950.0
2014-03-09,
2014-03-10,3985.0
2014-03-11,3955.0
2014-03-12,3970.0
2014-03-13,3980.0
2014-03-14,3970.0
2014-03-15,
2014-03-16,
2014-03-17,
2014-03-18,3935.0
2014-03-19,3950.0
2014-03-20,3995.0
2014-03-21,3975.0
2014-03-22,3950.0
2014-03-23,
2014-03-24,3930.0
2014-03-25,3975.0
2014-03-26,3985.0
2014-03-27,3995.0
2014-03-28,3950.0
2014-03-29,3990.0
2014-03-30,
2014-03-31,3980.0
2014-04-01,4000.0
2014-04-02,4000.0
2014-04-03,4050.0
2014-04-04,4050.0
2014-04-05,4200.0
2014-04-06,
2014-04-07,4000.0
2014-04-08,
2014-04-09,4220.0
2014-04-10,4200.0
2014-04-11,4225.0
2014-04-12,4200.0
2014-04-13,
2014-04-14,4250.0
2014-04-15,4230.0
2014-04-16,4270.0
2014-04-17,
2014-04-18,4255.0
2014-04-19,4250.0
2014-04-20,
2014-04-21,4200.0
2014-04-22,4270.0
2014-04-23,4300.0
2014-04-24,4320.0
2014-04-25,4330.0
2014-04-26,4450.0
2014-04-27,
2014-04-28,4400.0
2014-04-29,4455.0
2014-04-30,4500.0
2014-05-01,4550.0
2014-05-02,
2014-05-03,4425.0
2014-05-04,
2014-05-05,4500.0
2014-05-06,4500.0
2014-05-07,4550.0
2014-05-08,4470.0
2014-05-09,4400.0
2014-05-10,4450.0
2014-05-11,
2014-05-12,4450.0
2014-05-13,4330.0
2014-05-14,4450.0
2014-05-15,4450.0
2014-05-16,4400.0
2014-05-17,4350.0
2014-05-18,
2014-05-19,4350.0
2014-05-20,4350.0
2014-05-21,4300.0
2014-05-22,4250.0
2014-05-23,4350.0
2014-05-24,4370.0
2014-05-25,
2014-05-26,4400.0
2014-05-27,4500.0
2014-05-28,
2014-05-29,4300.0
2014-05-30,4300.0
2014-05-31,4400.0
2014-06-01,
2014-06-02,4350.0
2014-06-03,4200.0
2014-06-04,4255.0
2014-06-05,4250.0
2014-06-06,4250.0
2014-06-07,4300.0
2014-06-08,
2014-06-09,4200.0
2014-06-10,4000.0
2014-06-11,4150.0
2014-06-12,4200.0
2014-06-13,4300.0
2014-06-14,4200.0
2014-06-15,
2014-06-16,4150.0
2014-06-17,4250.0
2014-06-18,4100.0
2014-06-19,4100.0
2014-06-20,3900.0
2014-06-21,3980.0
2014-06-22,
2014-06-23,4100.0
2014-06-24,3700.0
2014-06-25,3700.0
2014-06-26,3750.0
2014-06-27,3800.0
2014-06-28,3900.0
2014-06-29,
2014-06-30,3900.0
2014-07-01,3950.0
2014-07-02,4050.0
2014-07-03,4000.0
2014-07-04,4070.0
2014-07-05,3950.0
2014-07-06,
2014-07-07,3950.0
2014-07-08,3930.0
2014-07-09,4050.0
2014-07-10,4100.0
2014-07-11,4050.0
2014-07-12,4070.0
2014-07-13,
2014-07-14,4050.0
2014-07-15,
2014-07-16,
2014-07-17,4100.0
2014-07-18,
2014-07-19,4075.0
2014-07-20,
2014-07-21,
2014-07-22,4180.0
2014-07-23,4170.0
2014-07-24,4180.0
2014-07-25,4100.0
2014-07-26,4100.0
2014-07-27,
2014-07-28,4200.0
2014-07-29,4100.0
2014-07-30,4050.0
2014-07-31,4050.0
2014-08-01,4000.0
2014-08-02,4000.0
2014-08-03,
2014-08-04,4000.0
2014-08-05,3850.0
2014-08-06,
2014-08-07,3800.0
2014-08-08,3700.0
2014-08-09,3800.0
2014-08-10,
2014-08-11,3700.0
2014-08-12,3600.0
2014-08-13,3600.0
2014-08-14,3700.0
2014-08-15,
2014-08-16,3670.0
2014-08-17,
2014-08-18,
2014-08-19,3550.0
2014-08-20,3500.0
2014-08-21,3500.0
2014-08-22,3500.0
2014-08-23,3450.0
2014-08-24,
2014-08-25,
2014-08-26,
2014-08-27,3550.0
2014-08-28,3600.0
2014-08-29,
2014-08-30,3600.0
2014-08-31,
2014-09-01,3570.0
2014-09-02,3550.0
2014-09-03,3500.0
2014-09-04,3500.0
2014-09-05,3500.0
2014-09-06,3350.0
2014-09-07,
2014-09-08,
2014-09-09,3400.0
2014-09-10,3400.0
2014-09-11,3400.0
2014-09-12,3370.0
2014-09-13,
2014-09-14,
2014-09-15,3250.0
2014-09-16,3370.0
2014-09-17,3300.0
2014-09-18,3400.0
2014-09-19,3400.0
2014-09-20,3300.0
2014-09-21,
2014-09-22,3320.0
2014-09-23,3100.0
2014-09-24,3200.0
2014-09-25,
2014-09-26,3100.0
2014-09-27,3200.0
2014-09-28,
2014-09-29,3225.0
2014-09-30,3200.0
2014-10-01,3200.0
2014-10-02,3200.0
2014-10-03,
2014-10-04,3200.0
2014-10-05,
2014-10-06,3100.0
2014-10-07,3100.0
2014-10-08,3200.0
2014-10-09,3100.0
2014-10-10,3100.0
2014-10-11,
2014-10-12,
2014-10-13,2950.0
2014-10-14,
2014-10-15,2800.0
2014-10-16,2900.0
2014-10-17,2900.0
2014-10-18,
2014-10-19,
2014-10-20,
2014-10-21,
2014-10-22,
2014-10-23,
2014-10-24,
2014-10-25,
2014-10-26,
2014-10-27,2800.0
2014-10-28,2900.0
2014-10-29,3100.0
2014-10-30,3100.0
2014-10-31,3170.0
2014-11-01,3080.0
2014-11-02,
2014-11-03,3100.0
2014-11-04,3100.0
2014-11-05,3125.0
2014-11-06,
2014-11-07,3100.0
2014-11-08,3100.0
2014-11-09,
2014-11-10,3125.0
2014-11-11,3150.0
2014-11-12,3100.0
2014-11-13,3170.0
2014-11-14,3120.0
2014-11-15,3100.0
2014-11-16,
2014-11-17,3100.0
2014-11-18,3100.0
2014-11-19,3100.0
2014-11-20,3100.0
2014-11-21,3080.0
2014-11-22,
2014-11-23,
2014-11-24,3100.0
2014-11-25,3130.0
2014-11-26,3170.0
2014-11-27,3270.0
2014-11-28,3170.0
2014-11-29,3220.0
2014-11-30,
2014-12-01,3200.0
2014-12-02,3200.0
2014-12-03,3200.0
2014-12-04,3185.0
2014-12-05,3200.0
2014-12-06,3220.0
2014-12-07,
2014-12-08,3185.0
2014-12-09,3220.0
2014-12-10,3250.0
2014-12-11,3200.0
2014-12-12,3200.0
2014-12-13,3200.0
2014-12-14,
2014-12-15,3170.0
2014-12-16,3180.0
2014-12-17,3185.0
2014-12-18,3200.0
2014-12-19,3200.0
2014-12-20,3250.0
2014-12-21,
2014-12-22,3170.0
2014-12-23,3200.0
2014-12-24,3170.0
2014-12-25,3300.0
2014-12-26,3200.0
2014-12-27,3335.0
2014-12-28,
2014-12-29,3350.0
2014-12-30,3370.0
2014-12-31,3570.0
2015-01-01,3350.0
2015-01-02,3300.0
2015-01-03,3600.0
2015-01-04,
2015-01-05,3430.0
2015-01-06,3325.0
2015-01-07,3350.0
2015-01-08,3330.0
2015-01-09,3370.0
2015-01-10,3400.0
2015-01-11,
2015-01-12,3300.0
2015-01-13,3300.0
2015-01-14,
2015-01-15,3320.0
2015-01-16,3350.0
2015-01-17,3300.0
2015-01-18,
2015-01-19,3300.0
2015-01-20,3300.0
2015-01-21,3300.0
2015-01-22,3330.0
2015-01-23,3280.0
2015-01-24,
2015-01-25,
2015-01-26,
2015-01-27,3200.0
2015-01-28,3130.0
2015-01-29,3200.0
2015-01-30,
2015-01-31,3200.0
2015-02-01,
2015-02-02,3170.0
2015-02-03,3200.0
2015-02-04,3300.0
2015-02-05,3350.0
2015-02-06,3300.0
2015-02-07,3300.0
2015-02-08,
2015-02-09,3280.0
2015-02-10,3250.0
2015-02-11,3200.0
2015-02-12,3200.0
2015-02-13,3300.0
2015-02-14,3100.0
2015-02-15,
2015-02-16,3250.0
2015-02-17,
2015-02-18,3270.0
2015-02-19,3280.0
2015-02-20,3200.0
2015-02-21,3250.0
2015-02-22,
2015-02-23,3200.0
2015-02-24,3200.0
2015-02-25,3170.0
2015-02-26,3200.0
2015-02-27,3200.0
2015-02-28,3230.0
2015-03-01,
2015-03-02,3210.0
2015-03-03,3220.0
2015-03-04,3200.0
2015-03-05,3150.0
2015-03-06,
2015-03-07,3150.0
2015-03-08,
2015-03-09,3150.0
2015-03-10,3150.0
2015-03-11,
2015-03-12,3100.0
2015-03-13,3130.0
2015-03-14,3100.0
2015-03-15,
2015-03-16,3130.0
2015-03-17,3130.0
2015-03-18,3130.0
2015-03-19,3100.0
2015-03-20,3130.0
2015-03-21,3130.0
2015-03-22,
2015-03-23,3220.0
2015-03-24,3280.0
2015-03-25,3180.0
2015-03-26,3180.0
2015-03-27,3170.0
2015-03-28,3170.0
2015-03-29,
2015-03-30,3100.0
2015-03-31,3175.0
2015-04-01,3230.0
2015-04-02,
2015-04-03,
2015-04-04,
2015-04-05,
2015-04-06,
2015-04-07,3330.0
2015-04-08,3400.0
2015-04-09,
2015-04-10,3410.0
2015-04-11,3410.0
2015-04-12,
2015-04-13,3400.0
2015-04-14,3400.0
2015-04-15,3480.0
2015-04-16,3500.0
2015-04-17,3650.0
2015-04-18,3520.0
2015-04-19,
2015-04-20,3520.0
2015-04-21,
2015-04-22,3520.0
2015-04-23,3570.0
2015-04-24,3700.0
2015-04-25,3700.0
2015-04-26,
2015-04-27,3800.0
2015-04-28,3900.0
2015-04-29,3590.0
2015-04-30,3850.0
2015-05-01,3800.0
2015-05-02,4000.0
2015-05-03,
2015-05-04,3800.0
2015-05-05,3800.0
2015-05-06,3900.0
2015-05-07,3930.0
2015-05-08,3900.0
2015-05-09,
2015-05-10,
2015-05-11,4000.0
2015-05-12,3940.0
2015-05-13,3870.0
2015-05-14,3770.0
2015-05-15,3740.0
2015-05-16,3735.0
2015-05-17,
2015-05-18,
2015-05-19,3950.0
2015-05-20,
2015-05-21,3785.0
2015-05-22,3785.0
2015-05-23,3780.0
2015-05-24,
2015-05-25,3785.0
2015-05-26,3770.0
2015-05-27,3770.0
2015-05-28,3770.0
2015-05-29,3700.0
2015-05-30,3700.0
2015-05-31,
2015-06-01,
2015-06-02,3850.0
2015-06-03,
2015-06-04,3750.0
2015-06-05,4000.0
2015-06-06,3700.0
2015-06-07,
2015-06-08,3700.0
2015-06-09,3620.0
2015-06-10,
2015-06-11,3650.0
2015-06-12,3700.0
2015-06-13,3550.0
2015-06-14,
2015-06-15,3500.0
2015-06-16,3450.0
2015-06-17,3500.0
2015-06-18,3470.0
2015-06-19,3490.0
2015-06-20,3550.0
2015-06-21,
2015-06-22,3450.0
2015-06-23,3370.0
2015-06-24,3370.0
2015-06-25,3370.0
2015-06-26,3350.0
2015-06-27,3400.0
2015-06-28,
2015-06-29,3330.0
2015-06-30,3430.0
2015-07-01,3300.0
2015-07-02,3550.0
2015-07-03,3450.0
2015-07-04,3520.0
2015-07-05,
2015-07-06,3420.0
2015-07-07,3400.0
2015-07-08,3440.0
2015-07-09,3371.0
2015-07-10,3350.0
2015-07-11,3400.0
2015-07-12,
2015-07-13,3300.0
2015-07-14,3320.0
2015-07-15,
2015-07-16,3335.0
2015-07-17,3350.0
2015-07-18,3355.0
2015-07-19,
2015-07-20,3360.0
2015-07-21,3250.0
2015-07-22,3300.0
2015-07-23,3295.0
2015-07-24,3230.0
2015-07-25,3200.0
2015-07-26,
2015-07-27,3220.0
2015-07-28,3200.0
2015-07-29,3220.0
2015-07-30,3200.0
2015-07-31,3170.0
2015-08-01,3100.0
2015-08-02,
2015-08-03,3100.0
2015-08-04,3100.0
2015-08-05,3040.0
2015-08-06,3070.0
2015-08-07,3030.0
2015-08-08,
2015-08-09,
2015-08-10,3050.0
2015-08-11,3150.0
2015-08-12,3150.0
2015-08-13,3140.0
2015-08-14,3170.0
2015-08-15,
2015-08-16,
2015-08-17,3170.0
2015-08-18,3220.0
2015-08-19,3240.0
2015-08-20,3200.0
2015-08-21,3200.0
2015-08-22,3215.0
2015-08-23,
2015-08-24,
2015-08-25,3130.0
2015-08-26,3145.0
2015-08-27,
2015-08-28,3170.0
2015-08-29,
2015-08-30,
2015-08-31,3200.0
2015-09-01,3260.0
2015-09-02,3250.0
2015-09-03,
2015-09-04,3250.0
2015-09-05,3270.0
2015-09-06,
2015-09-07,3300.0
2015-09-08,3300.0
2015-09-09,3250.0
2015-09-10,3170.0
2015-09-11,3150.0
2015-09-12,3100.0
2015-09-13,
2015-09-14,3200.0
2015-09-15,3130.0
2015-09-16,3120.0
2015-09-17,
2015-09-18,3150.0
2015-09-19,3170.0
2015-09-20,
2015-09-21,3220.0
2015-09-22,3270.0
2015-09-23,3250.0
2015-09-24,3300.0
2015-09-25,3300.0
2015-09-26,3370.0
2015-09-27,
2015-09-28,3370.0
2015-09-29,3300.0
2015-09-30,3400.0
2015-10-01,3400.0
2015-10-02,3500.0
2015-10-03,3500.0
2015-10-04,
2015-10-05,3550.0
2015-10-06,3600.0
2015-10-07,3700.0
2015-10-08,3700.0
2015-10-09,3800.0
2015-10-10,3700.0
2015-10-11,
2015-10-12,
2015-10-13,
2015-10-14,3850.0
2015-10-15,3700.0
2015-10-16,3800.0
2015-10-17,3800.0
2015-10-18,
2015-10-19,3750.0
2015-10-20,3700.0
2015-10-21,3720.0
2015-10-22,
2015-10-23,3850.0
2015-10-24,3700.0
2015-10-25,
2015-10-26,3800.0
2015-10-27,3820.0
2015-10-28,3650.0
2015-10-29,3600.0
2015-10-30,3700.0
2015-10-31,3650.0
2015-11-01,
2015-11-02,3550.0
2015-11-03,3600.0
2015-11-04,3580.0
2015-11-05,3630.0
2015-11-06,3700.0
2015-11-07,3700.0
2015-11-08,
2015-11-09,
2015-11-10,
2015-11-11,
2015-11-12,
2015-11-13,
2015-11-14,
2015-11-15,
2015-11-16,3650.0
2015-11-17,3650.0
2015-11-18,3685.0
2015-11-19,3650.0
2015-11-20,3680.0
2015-11-21,3690.0
2015-11-22,
2015-11-23,3600.0
2015-11-24,
2015-11-25,
2015-11-26,3650.0
2015-11-27,3600.0
2015-11-28,3600.0
2015-11-29,
2015-11-30,3685.0
2015-12-01,3500.0
2015-12-02,3575.0
2015-12-03,
2015-12-04,3700.0
2015-12-05,3700.0
2015-12-06,
2015-12-07,3575.0
2015-12-08,3550.0
2015-12-09,3600.0
2015-12-10,3600.0
2015-12-11,3550.0
2015-12-12,3550.0
2015-12-13,
2015-12-14,3500.0
2015-12-15,3500.0
2015-12-16,3550.0
2015-12-17,3600.0
2015-12-18,
2015-12-19,3600.0
2015-12-20,
2015-12-21,3620.0
2015-12-22,3850.0
2015-12-23,3850.0
2015-12-24,3850.0
2015-12-25,3570.0
2015-12-26,3600.0
2015-12-27,
2015-12-28,3550.0
2015-12-29,3570.0
2015-12-30,
2015-12-31,3550.0
2016-01-01,3600.0
2016-01-02,
2016-01-03,
2016-01-04,3550.0
2016-01-05,3500.0
2016-01-06,3650.0
2016-01-07,3550.0
2016-01-08,3470.0
2016-01-09,3550.0
2016-01-10,
2016-01-11,3540.0
2016-01-12,3470.0
2016-01-13,3430.0
2016-01-14,3420.0
2016-01-15,
2016-01-16,3500.0
2016-01-17,
2016-01-18,3530.0
2016-01-19,3480.0
2016-01-20,
2016-01-21,3585.0
2016-01-22,3580.0
2016-01-23,3580.0
2016-01-24,
2016-01-25,3570.0
2016-01-26,
2016-01-27,3570.0
2016-01-28,3550.0
2016-01-29,3500.0
2016-01-30,3550.0
2016-01-31,
2016-02-01,3550.0
2016-02-02,
2016-02-03,3550.0
2016-02-04,3550.0
2016-02-05,3520.0
2016-02-06,3550.0
2016-02-07,
2016-02-08,
2016-02-09,3550.0
2016-02-10,3550.0
2016-02-11,
2016-02-12,
2016-02-13,3500.0
2016-02-14,
2016-02-15,3500.0
2016-02-16,3550.0
2016-02-17,3550.0
2016-02-18,3500.0
2016-02-19,3500.0
2016-02-20,3500.0
2016-02-21,
2016-02-22,3500.0
2016-02-23,3520.0
2016-02-24,3500.0
2016-02-25,
2016-02-26,
2016-02-27,3500.0
2016-02-28,
2016-02-29,3550.0
2016-03-01,3500.0
2016-03-02,3500.0
2016-03-03,
2016-03-04,3400.0
2016-03-05,3500.0
2016-03-06,
2016-03-07,
2016-03-08,3500.0
2016-03-09,3520.0
2016-03-10,
2016-03-11,3500.0
2016-03-12,3550.0
2016-03-13,
2016-03-14,3550.0
2016-03-15,3550.0
2016-03-16,3550.0
2016-03-17,3550.0
2016-03-18,3520.0
2016-03-19,
2016-03-20,
2016-03-21,
2016-03-22,3530.0
2016-03-23,3650.0
2016-03-24,
2016-03-25,3720.0
2016-03-26,3700.0
2016-03-27,
2016-03-28,3700.0
2016-03-29,
2016-03-30,3750.0
2016-03-31,3720.0
2016-04-01,3750.0
2016-04-02,3730.0
2016-04-03,
2016-04-04,3800.0
2016-04-05,4050.0
2016-04-06,3950.0
2016-04-07,3880.0
2016-04-08,3950.0
2016-04-09,3870.0
2016-04-10,
2016-04-11,3880.0
2016-04-12,3920.0
2016-04-13,3920.0
2016-04-14,3850.0
2016-04-15,
2016-04-16,3870.0
2016-04-17,
2016-04-18,3970.0
2016-04-19,
2016-04-20,3930.0
2016-04-21,4000.0
2016-04-22,4000.0
2016-04-23,3980.0
2016-04-24,
2016-04-25,3950.0
2016-04-26,3850.0
2016-04-27,3870.0
2016-04-28,3850.0
2016-04-29,3870.0
2016-04-30,3850.0
2016-05-01,
2016-05-02,3850.0
2016-05-03,3850.0
2016-05-04,3900.0
2016-05-05,3885.0
2016-05-06,3880.0
2016-05-07,3870.0
2016-05-08,
2016-05-09,
2016-05-10,3850.0
2016-05-11,3880.0
2016-05-12,3850.0
2016-05-13,3850.0
2016-05-14,3800.0
2016-05-15,
2016-05-16,3800.0
2016-05-17,3830.0
2016-05-18,3770.0
2016-05-19,3860.0
2016-05-20,3770.0
2016-05-21,3800.0
2016-05-22,
2016-05-23,3770.0
2016-05-24,3800.0
2016-05-25,3700.0
2016-05-26,3670.0
2016-05-27,3690.0
2016-05-28,3700.0
2016-05-29,
2016-05-30,3700.0
2016-05-31,3800.0
2016-06-01,3700.0
2016-06-02,3700.0
2016-06-03,3750.0
2016-06-04,3750.0
2016-06-05,
2016-06-06,3770.0
2016-06-07,3770.0
2016-06-08,3770.0
2016-06-09,3700.0
2016-06-10,3750.0
2016-06-11,3800.0
2016-06-12,
2016-06-13,3800.0
2016-06-14,3720.0
2016-06-15,3850.0
2016-06-16,3750.0
2016-06-17,3750.0
2016-06-18,3750.0
2016-06-19,
2016-06-20,3770.0
2016-06-21,3790.0
2016-06-22,
2016-06-23,3700.0
2016-06-24,3700.0
2016-06-25,3650.0
2016-06-26,
2016-06-27,3600.0
2016-06-28,3600.0
2016-06-29,3750.0
2016-06-30,3600.0
2016-07-01,3850.0
2016-07-02,3630.0
2016-07-03,
2016-07-04,
2016-07-05,3750.0
2016-07-06,3720.0
2016-07-07,3680.0
2016-07-08,3670.0
2016-07-09,3600.0
2016-07-10,
2016-07-11,3620.0
2016-07-12,3650.0
2016-07-13,3620.0
2016-07-14,3650.0
2016-07-15,
2016-07-16,3630.0
2016-07-17,
2016-07-18,3650.0
2016-07-19,3600.0
2016-07-20,3650.0
2016-07-21,3650.0
2016-07-22,3620.0
2016-07-23,3600.0
2016-07-24,
2016-07-25,3600.0
2016-07-26,3550.0
2016-07-27,3500.0
2016-07-28,3600.0
2016-07-29,
2016-07-30,
2016-07-31,
2016-08-01,
2016-08-02,
2016-08-03,3550.0
2016-08-04,3600.0
2016-08-05,3620.0
2016-08-06,3700.0
2016-08-07,
2016-08-08,3650.0
2016-08-09,3575.0
2016-08-10,3650.0
2016-08-11,3650.0
2016-08-12,3650.0
2016-08-13,3700.0
2016-08-14,
2016-08-15,
2016-08-16,3670.0
2016-08-17,3650.0
2016-08-18,
2016-08-19,3500.0
2016-08-20,3470.0
2016-08-21,
2016-08-22,3570.0
2016-08-23,3550.0
2016-08-24,
2016-08-25,3520.0
2016-08-26,
2016-08-27,3520.0
2016-08-28,
2016-08-29,3450.0
2016-08-30,3400.0
2016-08-31,3350.0
2016-09-01,3300.0
2016-09-02,
2016-09-03,3370.0
2016-09-04,
2016-09-05,
2016-09-06,3300.0
2016-09-07,
2016-09-08,3240.0
2016-09-09,3100.0
2016-09-10,3150.0
2016-09-11,
2016-09-12,3250.0
2016-09-13,3100.0
2016-09-14,3170.0
2016-09-15,
2016-09-16,3150.0
2016-09-17,3250.0
2016-09-18,
2016-09-19,3240.0
2016-09-20,3150.0
2016-09-21,
2016-09-22,3250.0
2016-09-23,
2016-09-24,3200.0
2016-09-25,
2016-09-26,3200.0
2016-09-27,3050.0
2016-09-28,
2016-09-29,3000.0
2016-09-30,3000.0
2016-10-01,
2016-10-02,
2016-10-03,2950.0
2016-10-04,
2016-10-05,3000.0
2016-10-06,2900.0
2016-10-07,2900.0
2016-10-08,3050.0
2016-10-09,
2016-10-10,3050.0
2016-10-11,
2016-10-12,3000.0
2016-10-13,2970.0
2016-10-14,2800.0
2016-10-15,2950.0
2016-10-16,
2016-10-17,2800.0
2016-10-18,2700.0
2016-10-19,2850.0
2016-10-20,2850.0
2016-10-21,2850.0
2016-10-22,2850.0
2016-10-23,
2016-10-24,2870.0
2016-10-25,2900.0
2016-10-26,2900.0
2016-10-27,2950.0
2016-10-28,2970.0
2016-10-29,
2016-10-30,
2016-10-31,
2016-11-01,
2016-11-02,2970.0
2016-11-03,2985.0
2016-11-04,2990.0
2016-11-05,2950.0
2016-11-06,
2016-11-07,2970.0
2016-11-08,2950.0
2016-11-09,2900.0
2016-11-10,2850.0
2016-11-11,2850.0
2016-11-12,2900.0
2016-11-13,
2016-11-14,
2016-11-15,2900.0
2016-11-16,2950.0
2016-11-17,2950.0
2016-11-18,
2016-11-19,
2016-11-20,2975.0
2016-11-21,2950.0
2016-11-22,3000.0
2016-11-23,3050.0
2016-11-24,3000.0
2016-11-25,3000.0
2016-11-26,3000.0
2016-11-27,
2016-11-28,2975.0
2016-11-29,3000.0
2016-11-30,3000.0
2016-12-01,3000.0
2016-12-02,
2016-12-03,
2016-12-04,
2016-12-05,2950.0
2016-12-06,3000.0
2016-12-07,2950.0
2016-12-08,
2016-12-09,2935.0
2016-12-10,2850.0
2016-12-11,
2016-12-12,2900.0
2016-12-13,2850.0
2016-12-14,2950.0
2016-12-15,
2016-12-16,2950.0
2016-12-17,2970.0
2016-12-18,
2016-12-19,2950.0
2016-12-20,2950.0
2016-12-21,
2016-12-22,2850.0
2016-12-23,2850.0
2016-12-24,2850.0
2016-12-25,
2016-12-26,2800.0
2016-12-27,2850.0
2016-12-28,2930.0
2016-12-29,2900.0
2016-12-30,2980.0
2016-12-31,2950.0
2017-01-01,
2017-01-02,2960.0
2017-01-03,2950.0
2017-01-04,
2017-01-05,2950.0
2017-01-06,2950.0
2017-01-07,2950.0
2017-01-08,
2017-01-09,2935.0
2017-01-10,2900.0
2017-01-11,2900.0
2017-01-12,2875.0
2017-01-13,2870.0
2017-01-14,
2017-01-15,
2017-01-16,2900.0
2017-01-17,2920.0
2017-01-18,2950.0
2017-01-19,3000.0
2017-01-20,2950.0
2017-01-21,2935.0
2017-01-22,
2017-01-23,2930.0
2017-01-24,2930.0
2017-01-25,2925.0
2017-01-26,
2017-01-27,2850.0
2017-01-28,2870.0
2017-01-29,
2017-01-30,2860.0
2017-01-31,2870.0
2017-02-01,
2017-02-02,
2017-02-03,
2017-02-04,
2017-02-05,
2017-02-06,
2017-02-07,
2017-02-08,
2017-02-09,
2017-02-10,
2017-02-11,
2017-02-12,
2017-02-13,
2017-02-14,2850.0
2017-02-15,2850.0
2017-02-16,2850.0
2017-02-17,2850.0
2017-02-18,2800.0
2017-02-19,
2017-02-20,2825.0
2017-02-21,2850.0
2017-02-22,2855.0
2017-02-23,2825.0
2017-02-24,
2017-02-25,2750.0
2017-02-26,
2017-02-27,2800.0
2017-02-28,2800.0
2017-03-01,2850.0
2017-03-02,2850.0
2017-03-03,2850.0
2017-03-04,2850.0
2017-03-05,
2017-03-06,2850.0
2017-03-07,2840.0
2017-03-08,2825.0
2017-03-09,2825.0
2017-03-10,2875.0
2017-03-11,2830.0
2017-03-12,
2017-03-13,
2017-03-14,2845.0
2017-03-15,2840.0
2017-03-16,2825.0
2017-03-17,2825.0
2017-03-18,2850.0
2017-03-19,
2017-03-20,2850.0
2017-03-21,2870.0
2017-03-22,2900.0
2017-03-23,2825.0
2017-03-24,2850.0
2017-03-25,2870.0
2017-03-26,
2017-03-27,2850.0
2017-03-28,2865.0
2017-03-29,2870.0
2017-03-30,2870.0
2017-03-31,2885.0
2017-04-01,2825.0
2017-04-02,
2017-04-03,2820.0
2017-04-04,
2017-04-05,2830.0
2017-04-06,2850.0
2017-04-07,
2017-04-08,2890.0
2017-04-09,
2017-04-10,2875.0
2017-04-11,2845.0
2017-04-12,2870.0
2017-04-13,2900.0
2017-04-14,2950.0
2017-04-15,
2017-04-16,
2017-04-17,2960.0
2017-04-18,2970.0
2017-04-19,2950.0
2017-04-20,2875.0
2017-04-21,2950.0
2017-04-22,2950.0
2017-04-23,
2017-04-24,2970.0
2017-04-25,2950.0
2017-04-26,2940.0
2017-04-27,2875.0
2017-04-28,
2017-04-29,
2017-04-30,
2017-05-01,2875.0
2017-05-02,2880.0
2017-05-03,2950.0
2017-05-04,2950.0
2017-05-05,2920.0
2017-05-06,2875.0
2017-05-07,
2017-05-08,2900.0
2017-05-09,2925.0
2017-05-10,2900.0
2017-05-11,2925.0
2017-05-12,
2017-05-13,2900.0
2017-05-14,
2017-05-15,2920.0
2017-05-16,2850.0
2017-05-17,2870.0
2017-05-18,2850.0
2017-05-19,2870.0
2017-05-20,2870.0
2017-05-21,
2017-05-22,2850.0
2017-05-23,2875.0
2017-05-24,2840.0
2017-05-25,2750.0
2017-05-26,2750.0
2017-05-27,2700.0
2017-05-28,
2017-05-29,2750.0
2017-05-30,2755.0
2017-05-31,2700.0
2017-06-01,2740.0
2017-06-02,
2017-06-03,2750.0
2017-06-04,
2017-06-05,2725.0
2017-06-06,2735.0
2017-06-07,2700.0
2017-06-08,2835.0
2017-06-09,2800.0
2017-06-10,2800.0
2017-06-11,
2017-06-12,2775.0
2017-06-13,2775.0
2017-06-14,2775.0
2017-06-15,2800.0
2017-06-16,2800.0
2017-06-17,2840.0
2017-06-18,
2017-06-19,2830.0
2017-06-20,2800.0
2017-06-21,2885.0
2017-06-22,2800.0
2017-06-23,2800.0
2017-06-24,2850.0
2017-06-25,
2017-06-26,2800.0
2017-06-27,2835.0
2017-06-28,2840.0
2017-06-29,2825.0
2017-06-30,
2017-07-01,
2017-07-02,
2017-07-03,
2017-07-04,2750.0
2017-07-05,2800.0
2017-07-06,2850.0
2017-07-07,2850.0
2017-07-08,2800.0
2017-07-09,
2017-07-10,
2017-07-11,2850.0
2017-07-12,2870.0
2017-07-13,2850.0
2017-07-14,2835.0
2017-07-15,2800.0
2017-07-16,
2017-07-17,2800.0
2017-07-18,2835.0
2017-07-19,2800.0
2017-07-20,2835.0
2017-07-21,2825.0
2017-07-22,2830.0
2017-07-23,
2017-07-24,2875.0
2017-07-25,2830.0
2017-07-26,
2017-07-27,2850.0
2017-07-28,2830.0
2017-07-29,2850.0
2017-07-30,
2017-07-31,2870.0
2017-08-01,
2017-08-02,2800.0
2017-08-03,2825.0
2017-08-04,2840.0
2017-08-05,2830.0
2017-08-06,
2017-08-07,
2017-08-08,2800.0
2017-08-09,2800.0
2017-08-10,2830.0
2017-08-11,2830.0
2017-08-12,2845.0
2017-08-13,
2017-08-14,2830.0
2017-08-15,
2017-08-16,
2017-08-17,
2017-08-18,
2017-08-19,2970.0
2017-08-20,
2017-08-21,
2017-08-22,2850.0
2017-08-23,
2017-08-24,2970.0
2017-08-25,
2017-08-26,2975.0
2017-08-27,
2017-08-28,2970.0
2017-08-29,2970.0
2017-08-30,2900.0
2017-08-31,2950.0
2017-09-01,2930.0
2017-09-02,2900.0
2017-09-03,
2017-09-04,2900.0
2017-09-05,
2017-09-06,2900.0
2017-09-07,2900.0
2017-09-08,2850.0
2017-09-09,2850.0
2017-09-10,
2017-09-11,2850.0
2017-09-12,2850.0
2017-09-13,2850.0
2017-09-14,2870.0
2017-09-15,2900.0
2017-09-16,2900.0
2017-09-17,
2017-09-18,2900.0
2017-09-19,2875.0
2017-09-20,2875.0
2017-09-21,
2017-09-22,2875.0
2017-09-23,2850.0
2017-09-24,
2017-09-25,2850.0
2017-09-26,2800.0
2017-09-27,2700.0
2017-09-28,2700.0
2017-09-29,2750.0
2017-09-30,
2017-10-01,
2017-10-02,2750.0
2017-10-03,2700.0
2017-10-04,
2017-10-05,2650.0
2017-10-06,2750.0
2017-10-07,2700.0
2017-10-08,
2017-10-09,2650.0
2017-10-10,2550.0
2017-10-11,2550.0
2017-10-12,2650.0
2017-10-13,2655.0
2017-10-14,2700.0
2017-10-15,
2017-10-16,2715.0
2017-10-17,
2017-10-18,
2017-10-19,
2017-10-20,
2017-10-21,
2017-10-22,
2017-10-23,2700.0
2017-10-24,2650.0
2017-10-25,2670.0
2017-10-26,2650.0
2017-10-27,2600.0
2017-10-28,2600.0
2017-10-29,
2017-10-30,2650.0
2017-10-31,2650.0
2017-11-01,2650.0
2017-11-02,2650.0
2017-11-03,2650.0
2017-11-04,
2017-11-05,
2017-11-06,2650.0
2017-11-07,2650.0
2017-11-08,2600.0
2017-11-09,2650.0
2017-11-10,2625.0
2017-11-11,2600.0
2017-11-12,
2017-11-13,2600.0
2017-11-14,2650.0
2017-11-15,2665.0
2017-11-16,2600.0
2017-11-17,2620.0
2017-11-18,2650.0
2017-11-19,
2017-11-20,2700.0
2017-11-21,2700.0
2017-11-22,2680.0
2017-11-23,2750.0
2017-11-24,2765.0
2017-11-25,2800.0
2017-11-26,
2017-11-27,2800.0
2017-11-28,2700.0
2017-11-29,2700.0
2017-11-30,2760.0
2017-12-01,2825.0
2017-12-02,2750.0
2017-12-03,
2017-12-04,2750.0
2017-12-05,2900.0
2017-12-06,2850.0
2017-12-07,2900.0
2017-12-08,2950.0
2017-12-09,2950.0
2017-12-10,
2017-12-11,2880.0
2017-12-12,2850.0
2017-12-13,
2017-12-14,2875.0
2017-12-15,2875.0
2017-12-16,2800.0
2017-12-17,
2017-12-18,
2017-12-19,2850.0
2017-12-20,2875.0
2017-12-21,2900.0
2017-12-22,2900.0
2017-12-23,2875.0
2017-12-24,
2017-12-25,2850.0
2017-12-26,2900.0
2017-12-27,2875.0
2017-12-28,2925.0
2017-12-29,2925.0
2017-12-30,2950.0
2017-12-31,
2018-01-01,2875.0
2018-01-02,2880.0
2018-01-03,2950.0
2018-01-04,2970.0
2018-01-05,2970.0
2018-01-06,2970.0
2018-01-07,
2018-01-08,3000.0
2018-01-09,3050.0
2018-01-10,3050.0
2018-01-11,3050.0
2018-01-12,3070.0
2018-01-13,3050.0
2018-01-14,
2018-01-15,3070.0
2018-01-16,3070.0
2018-01-17,3100.0
2018-01-18,3100.0
2018-01-19,3100.0
2018-01-20,3100.0
2018-01-21,
2018-01-22,
2018-01-23,3075.0
2018-01-24,3400.0
2018-01-25,3300.0
2018-01-26,
2018-01-27,3300.0
2018-01-28,
2018-01-29,3350.0
2018-01-30,3670.0
2018-01-31,3550.0
2018-02-01,3650.0
2018-02-02,3550.0
2018-02-03,3450.0
2018-02-04,
2018-02-05,3450.0
2018-02-06,3300.0
2018-02-07,3300.0
2018-02-08,3350.0
2018-02-09,3450.0
2018-02-10,3550.0
2018-02-11,
2018-02-12,3525.0
2018-02-13,3500.0
2018-02-14,
2018-02-15,3600.0
2018-02-16,3600.0
2018-02-17,3450.0
2018-02-18,
2018-02-19,3600.0
2018-02-20,3575.0
2018-02-21,3550.0
2018-02-22,3575.0
2018-02-23,3550.0
2018-02-24,3550.0
2018-02-25,
2018-02-26,3600.0
2018-02-27,3570.0
2018-02-28,3595.0
2018-03-01,3600.0
2018-03-02,
2018-03-03,3600.0
2018-03-04,
2018-03-05,3675.0
2018-03-06,3650.0
2018-03-07,3600.0
2018-03-08,3650.0
2018-03-09,3620.0
2018-03-10,3600.0
2018-03-11,
2018-03-12,3500.0
2018-03-13,3550.0
2018-03-14,3575.0
2018-03-15,3300.0
2018-03-16,3300.0
2018-03-17,3550.0
2018-03-18,
2018-03-19,3450.0
2018-03-20,3570.0
2018-03-21,3500.0
2018-03-22,3550.0
2018-03-23,3500.0
2018-03-24,3500.0
2018-03-25,
2018-03-26,3550.0
2018-03-27,3400.0
2018-03-28,3500.0
2018-03-29,
2018-03-30,3500.0
2018-03-31,3550.0
2018-04-01,
2018-04-02,3620.0
2018-04-03,3625.0
2018-04-04,3650.0
2018-04-05,3650.0
2018-04-06,3600.0
2018-04-07,3675.0
2018-04-08,
2018-04-09,3700.0
2018-04-10,3675.0
2018-04-11,3650.0
2018-04-12,3670.0
2018-04-13,3675.0
2018-04-14,3600.0
2018-04-15,
2018-04-16,
2018-04-17,3700.0
2018-04-18,
2018-04-19,3600.0
2018-04-20,3450.0
2018-04-21,
2018-04-22,
2018-04-23,
2018-04-24,3650.0
2018-04-25,3550.0
2018-04-26,3500.0
2018-04-27,3400.0
2018-04-28,3385.0
2018-04-29,
2018-04-30,3350.0
2018-05-01,3400.0
2018-05-02,3550.0
2018-05-03,3550.0
2018-05-04,3575.0
2018-05-05,3500.0
2018-05-06,
2018-05-07,3500.0
2018-05-08,3500.0
2018-05-09,3500.0
2018-05-10,3540.0
2018-05-11,3575.0
2018-05-12,3590.0
2018-05-13,
2018-05-14,3600.0
2018-05-15,3575.0
2018-05-16,3570.0
2018-05-17,3575.0
2018-05-18,3550.0
2018-05-19,3500.0
2018-05-20,
2018-05-21,3600.0
2018-05-22,3575.0
2018-05-23,3550.0
2018-05-24,
2018-05-25,3600.0
2018-05-26,3625.0
2018-05-27,
2018-05-28,3600.0
2018-05-29,3550.0
2018-05-30,3575.0
2018-05-31,3575.0
2018-06-01,3500.0
2018-06-02,3500.0
2018-06-03,
2018-06-04,3500.0
2018-06-05,3475.0
2018-06-06,3450.0
2018-06-07,3475.0
2018-06-08,3475.0
2018-06-09,3370.0
2018-06-10,
2018-06-11,3350.0
2018-06-12,3370.0
2018-06-13,3300.0
2018-06-14,3250.0
2018-06-15,3250.0
2018-06-16,3270.0
2018-06-17,
2018-06-18,3200.0
2018-06-19,3250.0
2018-06-20,3200.0
2018-06-21,3270.0
2018-06-22,3300.0
2018-06-23,3350.0
2018-06-24,
2018-06-25,3400.0
2018-06-26,3300.0
2018-06-27,3250.0
2018-06-28,3300.0
2018-06-29,3435.0
2018-06-30,3350.0
2018-07-01,
2018-07-02,3350.0
2018-07-03,3400.0
2018-07-04,3400.0
2018-07-05,3485.0
2018-07-06,3450.0
2018-07-07,3350.0
2018-07-08,
2018-07-09,3550.0
2018-07-10,3450.0
2018-07-11,3450.0
2018-07-12,3400.0
2018-07-13,3400.0
2018-07-14,3350.0
2018-07-15,
2018-07-16,3300.0
2018-07-17,3300.0
2018-07-18,3350.0
2018-07-19,3350.0
2018-07-20,3300.0
2018-07-21,3350.0
2018-07-22,
2018-07-23,3350.0
2018-07-24,3350.0
2018-07-25,
2018-07-26,3270.0
2018-07-27,3350.0
2018-07-28,3300.0
2018-07-29,
2018-07-30,3350.0
2018-07-31,3350.0
2018-08-01,3350.0
2018-08-02,3350.0
2018-08-03,3350.0
2018-08-04,3425.0
2018-08-05,
2018-08-06,3300.0
2018-08-07,3350.0
2018-08-08,3370.0
2018-08-09,3300.0
2018-08-10,3350.0
2018-08-11,3300.0
2018-08-12,
2018-08-13,3250.0
2018-08-14,3250.0
2018-08-15,
2018-08-16,3250.0
2018-08-17,3250.0
2018-08-18,3200.0
2018-08-19,3200.0
2018-08-20,
2018-08-21,
2018-08-22,3270.0
2018-08-23,3200.0
2018-08-24,3225.0
2018-08-25,3170.0
2018-08-26,
2018-08-27,3170.0
2018-08-28,3100.0
2018-08-29,3150.0
2018-08-30,3075.0
2018-08-31,3150.0
2018-09-01,
2018-09-02,
2018-09-03,
2018-09-04,
2018-09-05,
2018-09-06,
2018-09-07,3270.0
2018-09-08,3230.0
2018-09-09,
2018-09-10,3200.0
2018-09-11,3250.0
2018-09-12,3250.0
2018-09-13,
2018-09-14,3250.0
2018-09-15,3325.0
2018-09-16,
2018-09-17,3255.0
2018-09-18,3170.0
2018-09-19,3150.0
2018-09-20,3300.0
2018-09-21,3250.0
2018-09-22,3270.0
2018-09-23,3320.0
2018-09-24,
2018-09-25,3350.0
2018-09-26,3335.0
2018-09-27,3250.0
2018-09-28,3250.0
2018-09-29,3250.0
2018-09-30,
2018-10-01,
2018-10-02,2900.0
2018-10-03,2950.0
2018-10-04,2950.0
2018-10-05,3075.0
2018-10-06,2975.0
2018-10-07,
2018-10-08,2850.0
2018-10-09,2850.0
2018-10-10,
2018-10-11,2950.0
2018-10-12,2950.0
2018-10-13,2980.0
2018-10-14,
2018-10-15,2950.0
2018-10-16,2975.0
2018-10-17,2980.0
2018-10-18,2950.0
2018-10-19,
2018-10-20,2950.0
2018-10-21,
2018-10-22,2950.0
2018-10-23,2975.0
2018-10-24,2900.0
2018-10-25,2950.0
2018-10-26,2975.0
2018-10-27,2985.0
2018-10-28,
2018-10-29,2975.0
2018-10-30,2990.0
2018-10-31,3000.0
2018-11-01,3000.0
2018-11-02,
2018-11-03,
2018-11-04,
2018-11-05,
2018-11-06,
2018-11-07,
2018-11-08,
2018-11-09,
2018-11-10,
2018-11-11,
2018-11-12,2950.0
2018-11-13,3150.0
2018-11-14,3100.0
2018-11-15,3100.0
2018-11-16,3170.0
2018-11-17,3100.0
2018-11-18,
2018-11-19,3175.0
2018-11-20,3150.0
2018-11-21,3170.0
2018-11-22,3175.0
2018-11-23,
2018-11-24,3200.0
2018-11-25,
2018-11-26,3200.0
2018-11-27,3250.0
2018-11-28,3250.0
2018-11-29,3240.0
2018-11-30,3150.0
2018-12-01,3150.0
2018-12-02,
2018-12-03,3175.0
2018-12-04,
2018-12-05,3150.0
2018-12-06,3100.0
2018-12-07,
2018-12-08,3150.0
2018-12-09,
2018-12-10,3150.0
2018-12-11,3170.0
2018-12-12,3150.0
2018-12-13,3150.0
2018-12-14,3170.0
2018-12-15,3170.0
2018-12-16,
2018-12-17,3200.0
2018-12-18,3150.0
2018-12-19,
2018-12-20,3150.0
2018-12-21,3150.0
2018-12-22,3200.0
2018-12-23,
2018-12-24,3200.0
2018-12-25,3200.0
2018-12-26,3175.0
2018-12-27,3100.0
2018-12-28,3150.0
2018-12-29,
2018-12-30,3100.0
2018-12-31,3250.0
2019-01-01,3200.0
2019-01-02,3050.0
2019-01-03,3300.0
2019-01-04,3250.0
2019-01-05,3250.0
2019-01-06,
2019-01-07,
2019-01-08,
2019-01-09,
2019-01-10,
2019-01-11,3300.0
2019-01-12,3425.0
2019-01-13,
2019-01-14,
2019-01-15,3350.0
2019-01-16,3350.0
2019-01-17,3370.0
2019-01-18,3450.0
2019-01-19,3400.0
2019-01-20,
2019-01-21,3400.0
2019-01-22,3675.0
2019-01-23,3700.0
2019-01-24,3600.0
2019-01-25,3650.0
2019-01-26,
2019-01-27,
2019-01-28,3650.0
2019-01-29,3600.0
2019-01-30,3600.0
2019-01-31,
2019-02-01,3670.0
2019-02-02,3650.0
2019-02-03,
2019-02-04,
2019-02-05,3650.0
2019-02-06,3655.0
2019-02-07,
2019-02-08,3600.0
2019-02-09,3600.0
2019-02-10,
2019-02-11,3645.0
2019-02-12,3500.0
2019-02-13,3575.0
2019-02-14,3650.0
2019-02-15,3650.0
2019-02-16,3650.0
2019-02-17,
2019-02-18,
2019-02-19,
2019-02-20,
2019-02-21,
2019-02-22,3400.0
2019-02-23,3500.0
2019-02-24,
2019-02-25,3550.0
2019-02-26,3440.0
2019-02-27,3425.0
2019-02-28,3550.0
2019-03-01,3425.0
2019-03-02,3450.0
2019-03-03,
2019-03-04,
2019-03-05,3550.0
2019-03-06,3550.0
2019-03-07,3650.0
2019-03-08,3600.0
2019-03-09,3550.0
2019-03-10,
2019-03-11,3575.0
2019-03-12,3570.0
2019-03-13,3570.0
2019-03-14,3590.0
2019-03-15,3470.0
2019-03-16,3480.0
2019-03-17,
2019-03-18,3470.0
2019-03-19,3450.0
2019-03-20,3475.0
2019-03-21,
2019-03-22,3550.0
2019-03-23,3590.0
2019-03-24,
2019-03-25,3600.0
2019-03-26,3450.0
2019-03-27,3600.0
2019-03-28,3600.0
2019-03-29,3550.0
2019-03-30,3550.0
2019-03-31,
2019-04-01,3650.0
2019-04-02,3650.0
2019-04-03,3650.0
2019-04-04,3700.0
2019-04-05,3650.0
2019-04-06,3675.0
2019-04-07,
2019-04-08,3650.0
2019-04-09,3750.0
2019-04-10,3755.0
2019-04-11,3675.0
2019-04-12,3650.0
2019-04-13,
2019-04-14,
2019-04-15,3650.0
2019-04-16,3650.0
2019-04-17,
2019-04-18,3650.0
2019-04-19,3675.0
2019-04-20,3750.0
2019-04-21,
2019-04-22,3650.0
2019-04-23,3625.0
2019-04-24,3700.0
2019-04-25,3650.0
2019-04-26,3575.0
2019-04-27,
2019-04-28,
2019-04-29,
2019-04-30,3600.0
2019-05-01,3650.0
2019-05-02,3650.0
2019-05-03,3600.0
2019-05-04,3600.0
2019-05-05,
2019-05-06,3575.0
2019-05-07,
2019-05-08,3600.0
2019-05-09,3650.0
2019-05-10,3650.0
2019-05-11,3675.0
2019-05-12,
2019-05-13,3700.0
2019-05-14,3760.0
2019-05-15,3770.0
2019-05-16,3800.0
2019-05-17,3800.0
2019-05-18,3800.0
2019-05-19,3800.0
2019-05-20,3720.0
2019-05-21,3700.0
2019-05-22,3720.0
2019-05-23,3800.0
2019-05-24,3800.0
2019-05-25,3750.0
2019-05-26,
2019-05-27,3750.0
2019-05-28,3770.0
2019-05-29,3770.0
2019-05-30,3775.0
2019-05-31,3750.0
2019-06-01,3750.0
2019-06-02,
2019-06-03,
2019-06-04,3750.0
2019-06-05,3730.0
2019-06-06,3650.0
2019-06-07,3550.0
2019-06-08,3675.0
2019-06-09,
2019-06-10,3700.0
2019-06-11,3700.0
2019-06-12,
2019-06-13,3650.0
2019-06-14,3725.0
2019-06-15,3700.0
2019-06-16,
2019-06-17,3750.0
2019-06-18,3775.0
2019-06-19,3700.0
2019-06-20,3675.0
2019-06-21,3770.0
2019-06-22,3650.0
2019-06-23,
2019-06-24,3650.0
2019-06-25,3650.0
2019-06-26,3650.0
2019-06-27,3600.0
2019-06-28,3590.0
2019-06-29,3650.0
2019-06-30,
2019-07-01,3650.0
2019-07-02,3990.0
2019-07-03,3900.0
2019-07-04,3600.0
2019-07-05,3650.0
2019-07-06,3500.0
2019-07-07,
2019-07-08,3600.0
2019-07-09,3550.0
2019-07-10,3475.0
2019-07-11,3500.0
2019-07-12,3550.0
2019-07-13,3550.0
2019-07-14,
2019-07-15,3550.0
2019-07-16,3625.0
2019-07-17,3650.0
2019-07-18,3575.0
2019-07-19,3550.0
2019-07-20,3550.0
2019-07-21,
2019-07-22,3500.0
2019-07-23,3525.0
2019-07-24,3550.0
2019-07-25,3550.0
2019-07-26,
2019-07-27,3550.0
2019-07-28,
2019-07-29,3500.0
2019-07-30,3500.0
2019-07-31,3400.0
2019-08-01,3450.0
2019-08-02,3450.0
2019-08-03,3450.0
2019-08-04,
2019-08-05,3520.0
2019-08-06,3500.0
2019-08-07,3500.0
2019-08-08,3450.0
2019-08-09,
2019-08-10,
2019-08-11,
2019-08-12,3450.0
2019-08-13,3500.0
2019-08-14,3550.0
2019-08-15,
2019-08-16,3500.0
2019-08-17,3600.0
2019-08-18,
2019-08-19,3575.0
2019-08-20,3550.0
2019-08-21,3550.0
2019-08-22,3600.0
2019-08-23,3600.0
2019-08-24,
2019-08-25,
2019-08-26,3550.0
2019-08-27,
2019-08-28,3600.0
2019-08-29,3600.0
2019-08-30,3550.0
2019-08-31,3600.0
2019-09-01,
2019-09-02,
2019-09-03,
2019-09-04,
2019-09-05,3650.0
2019-09-06,3650.0
2019-09-07,3550.0
2019-09-08,
2019-09-09,3700.0
2019-09-10,3650.0
2019-09-11,3600.0
2019-09-12,
2019-09-13,3650.0
2019-09-14,3775.0
2019-09-15,
2019-09-16,3850.0
2019-09-17,3850.0
2019-09-18,3750.0
2019-09-19,3850.0
2019-09-20,3820.0
2019-09-21,3770.0
2019-09-22,
2019-09-23,3850.0
2019-09-24,3900.0
2019-09-25,3935.0
2019-09-26,3950.0
2019-09-27,4000.0
2019-09-28,4050.0
2019-09-29,
2019-09-30,4100.0
2019-10-01,4100.0
2019-10-02,4000.0
2019-10-03,4100.0
2019-10-04,3950.0
2019-10-05,3900.0
2019-10-06,
2019-10-07,3750.0
2019-10-08,
2019-10-09,3850.0
2019-10-10,3550.0
2019-10-11,3550.0
2019-10-12,3750.0
2019-10-13,
2019-10-14,3550.0
2019-10-15,3750.0
2019-10-16,3275.0
2019-10-17,3225.0
2019-10-18,3350.0
2019-10-19,3425.0
2019-10-20,
2019-10-21,3400.0
2019-10-22,3390.0
2019-10-23,3350.0
2019-10-24,3270.0
2019-10-25,
2019-10-26,
2019-10-27,
2019-10-28,
2019-10-29,
2019-10-30,3300.0
2019-10-31,3400.0
2019-11-01,3550.0
2019-11-02,3850.0
2019-11-03,
2019-11-04,3775.0
2019-11-05,3850.0
2019-11-06,3825.0
2019-11-07,3750.0
2019-11-08,3730.0
2019-11-09,3770.0
2019-11-10,
2019-11-11,3770.0
2019-11-12,
2019-11-13,3780.0
2019-11-14,3750.0
2019-11-15,3875.0
2019-11-16,3770.0
2019-11-17,
2019-11-18,3770.0
2019-11-19,3785.0
2019-11-20,3850.0
2019-11-21,3850.0
2019-11-22,3850.0
2019-11-23,3825.0
2019-11-24,
2019-11-25,3790.0
2019-11-26,3970.0
2019-11-27,3800.0
2019-11-28,3850.0
2019-11-29,3850.0
2019-11-30,3850.0
2019-12-01,
2019-12-02,3855.0
2019-12-03,3900.0
2019-12-04,3900.0
2019-12-05,3850.0
2019-12-06,
2019-12-07,
2019-12-08,
2019-12-09,3950.0
2019-12-10,3850.0
2019-12-11,3900.0
2019-12-12,3800.0
2019-12-13,3850.0
2019-12-14,3900.0
2019-12-15,
2019-12-16,3950.0
2019-12-17,4000.0
2019-12-18,3975.0
2019-12-19,4000.0
2019-12-20,4050.0
2019-12-21,4100.0
2019-12-22,
2019-12-23,4070.0
2019-12-24,
2019-12-25,4100.0
2019-12-26,
2019-12-27,4100.0
2019-12-28,4150.0
2019-12-29,
2019-12-30,4100.0
2019-12-31,4070.0
2020-01-01,
2020-01-02,4250.0
2020-01-03,4250.0
2020-01-04,4250.0
2020-01-05,
2020-01-06,4220.0
2020-01-07,4050.0
2020-01-08,4100.0
2020-01-09,4000.0
2020-01-10,4075.0
2020-01-11,4250.0
2020-01-12,
2020-01-13,4150.0
2020-01-14,4100.0
2020-01-15,
2020-01-16,
2020-01-17,4100.0
2020-01-18,4150.0
2020-01-19,
2020-01-20,4100.0
2020-01-21,4250.0
2020-01-22,4200.0
2020-01-23,4000.0
2020-01-24,4000.0
2020-01-25,4025.0
2020-01-26,
2020-01-27,4050.0
2020-01-28,4000.0
2020-01-29,4050.0
2020-01-30,
2020-01-31,4000.0
2020-02-01,4000.0
2020-02-02,
2020-02-03,4050.0
2020-02-04,3950.0
2020-02-05,3950.0
2020-02-06,4100.0
2020-02-07,4150.0
2020-02-08,4150.0
2020-02-09,
2020-02-10,4100.0
2020-02-11,3950.0
2020-02-12,3800.0
2020-02-13,3850.0
2020-02-14,
2020-02-15,3850.0
2020-02-16,
2020-02-17,3900.0
2020-02-18,3850.0
2020-02-19,3850.0
2020-02-20,3850.0
2020-02-21,
2020-02-22,3750.0
2020-02-23,
2020-02-24,3850.0
2020-02-25,3850.0
2020-02-26,3850.0
2020-02-27,3750.0
2020-02-28,3750.0
2020-02-29,3720.0
2020-03-01,
2020-03-02,
2020-03-03,3725.0
2020-03-04,3700.0
2020-03-05,3700.0
2020-03-06,3700.0
2020-03-07,3700.0
2020-03-08,
2020-03-09,3750.0
2020-03-10,
2020-03-11,3550.0
2020-03-12,3600.0
2020-03-13,3375.0
2020-03-14,3200.0
2020-03-15,
2020-03-16,3400.0
2020-03-17,3400.0
2020-03-18,
2020-03-19,3470.0
2020-03-20,3475.0
2020-03-21,3550.0
2020-03-22,
2020-03-23,
2020-03-24,
2020-03-25,
2020-03-26,
2020-03-27,
2020-03-28,
2020-03-29,
2020-03-30,
2020-03-31,
2020-04-01,
2020-04-02,
2020-04-03,
2020-04-04,
2020-04-05,
2020-04-06,
2020-04-07,
2020-04-08,
2020-04-09,
2020-04-10,
2020-04-11,
2020-04-12,
2020-04-13,
2020-04-14,
2020-04-15,
2020-04-16,
2020-04-17,
2020-04-18,
2020-04-19,
2020-04-20,
2020-04-21,
2020-04-22,
2020-04-23,
2020-04-24,
2020-04-25,
2020-04-26,
2020-04-27,
2020-04-28,
2020-04-29,
2020-04-30,
2020-05-01,
2020-05-02,
2020-05-03,
2020-05-04,
2020-05-05,
2020-05-06,
2020-05-07,
2020-05-08,
2020-05-09,
2020-05-10,
2020-05-11,
2020-05-12,
2020-05-13,
2020-05-14,
2020-05-15,
2020-05-16,
2020-05-17,
2020-05-18,
2020-05-19,3575.0
2020-05-20,3370.0
2020-05-21,
2020-05-22,
2020-05-23,
2020-05-24,
2020-05-25,
2020-05-26,3700.0
2020-05-27,3650.0
2020-05-28,
2020-05-29,3700.0
2020-05-30,
2020-05-31,
2020-06-01,
2020-06-02,
2020-06-03,3800.0
2020-06-04,
2020-06-05,3800.0
2020-06-06,3800.0
2020-06-07,
2020-06-08,
2020-06-09,
2020-06-10,3850.0
2020-06-11,
2020-06-12,3800.0
2020-06-13,
2020-06-14,
2020-06-15,3750.0
2020-06-16,
2020-06-17,3800.0
2020-06-18,
2020-06-19,3675.0
2020-06-20,3700.0
2020-06-21,
2020-06-22,3750.0
2020-06-23,
2020-06-24,3950.0
2020-06-25,3800.0
2020-06-26,3750.0
2020-06-27,3775.0
2020-06-28,
2020-06-29,3750.0
2020-06-30,3750.0
2020-07-01,
2020-07-02,
2020-07-03,3620.0
2020-07-04,3600.0
2020-07-05,
2020-07-06,3700.0
2020-07-07,3650.0
2020-07-08,3650.0
2020-07-09,3675.0
2020-07-10,3600.0
2020-07-11,3650.0
2020-07-12,
2020-07-13,3650.0
2020-07-14,3675.0
2020-07-15,
2020-07-16,3600.0
2020-07-17,3700.0
2020-07-18,3650.0
2020-07-19,
2020-07-20,
2020-07-21,3600.0
2020-07-22,3650.0
2020-07-23,3650.0
2020-07-24,3675.0
2020-07-25,3650.0
2020-07-26,
2020-07-27,3675.0
2020-07-28,3600.0
2020-07-29,3650.0
2020-07-30,3675.0
2020-07-31,3675.0
2020-08-01,
2020-08-02,
2020-08-03,
2020-08-04,
2020-08-05,
2020-08-06,3675.0
2020-08-07,3750.0
2020-08-08,3750.0
2020-08-09,
2020-08-10,3675.0
2020-08-11,3675.0
2020-08-12,
2020-08-13,3675.0
2020-08-14,3675.0
2020-08-15,
2020-08-16,
2020-08-17,
2020-08-18,
2020-08-19,
2020-08-20,
2020-08-21,
2020-08-22,
2020-08-23,
2020-08-24,
2020-08-25,
2020-08-26,
2020-08-27,
2020-08-28,
2020-08-29,
2020-08-30,
2020-08-31,
2020-09-01,
2020-09-02,
2020-09-03,
2020-09-04,3720.0
2020-09-05,3730.0
2020-09-06,
2020-09-07,3650.0
2020-09-08,3650.0
2020-09-09,3575.0
2020-09-10,3500.0
2020-09-11,3550.0
2020-09-12,3550.0
2020-09-13,
2020-09-14,3550.0
2020-09-15,3600.0
2020-09-16,3550.0
2020-09-17,3550.0
2020-09-18,3600.0
2020-09-19,3650.0
2020-09-20,
2020-09-21,
2020-09-22,3650.0
2020-09-23,3650.0
2020-09-24,3675.0
2020-09-25,
2020-09-26,3650.0
2020-09-27,
2020-09-28,3600.0
2020-09-29,3650.0
2020-09-30,3575.0
2020-10-01,
2020-10-02,3575.0
2020-10-03,3575.0
2020-10-04,
2020-10-05,3550.0
2020-10-06,3550.0
2020-10-07,3550.0
2020-10-08,3550.0
2020-10-09,
2020-10-10,3800.0
2020-10-11,
2020-10-12,3850.0
2020-10-13,3950.0
2020-10-14,3800.0
2020-10-15,3850.0
2020-10-16,3875.0
2020-10-17,
2020-10-18,
2020-10-19,3850.0
2020-10-20,3900.0
2020-10-21,3900.0
2020-10-22,3900.0
2020-10-23,4100.0
2020-10-24,4000.0
2020-10-25,
2020-10-26,4150.0
2020-10-27,4200.0
2020-10-28,
2020-10-29,4050.0
2020-10-30,4200.0
2020-10-31,4200.0
2020-11-01,
2020-11-02,
2020-11-03,
2020-11-04,4200.0
2020-11-05,4200.0
2020-11-06,4100.0
2020-11-07,4200.0
2020-11-08,
2020-11-09,4150.0
2020-11-10,4150.0
2020-11-11,4050.0
2020-11-12,4100.0
2020-11-13,
2020-11-14,
2020-11-15,
2020-11-16,
2020-11-17,
2020-11-18,4100.0
2020-11-19,4200.0
2020-11-20,4250.0
2020-11-21,4250.0
2020-11-22,
2020-11-23,4250.0
2020-11-24,4275.0
2020-11-25,
2020-11-26,4270.0
2020-11-27,
2020-11-28,4200.0
2020-11-29,
2020-11-30,
2020-12-01,
2020-12-02,
2020-12-03,4200.0
2020-12-04,4250.0
2020-12-05,
2020-12-06,
2020-12-07,6600.0
2020-12-08,
2020-12-09,4200.0
2020-12-10,4250.0
2020-12-11,4150.0
2020-12-12,4100.0
2020-12-13,
2020-12-14,
2020-12-15,4175.0
2020-12-16,4200.0
2020-12-17,4170.0
2020-12-18,4200.0
2020-12-19,4250.0
2020-12-20,
2020-12-21,4200.0
2020-12-22,4200.0
2020-12-23,4200.0
2020-12-24,4275.0
2020-12-25,4270.0
2020-12-26,4200.0
2020-12-27,
2020-12-28,4225.0
2020-12-29,4250.0
2020-12-30,4200.0
2020-12-31,4250.0
2021-01-01,
2021-01-02,4250.0
2021-01-03,
2021-01-04,4400.0
2021-01-05,4500.0
2021-01-06,4350.0
2021-01-07,4250.0
2021-01-08,4300.0
2021-01-09,4250.0
2021-01-10,
2021-01-11,4300.0
2021-01-12,4250.0
2021-01-13,4400.0
2021-01-14,
2021-01-15,4400.0
2021-01-16,4350.0
2021-01-17,
2021-01-18,4350.0
2021-01-19,4400.0
2021-01-20,4350.0
2021-01-21,4200.0
2021-01-22,4300.0
2021-01-23,4300.0
2021-01-24,
2021-01-25,4300.0
2021-01-26,
2021-01-27,4250.0
2021-01-28,4275.0
2021-01-29,4300.0
2021-01-30,4320.0
2021-01-31,
2021-02-01,
2021-02-02,4350.0
2021-02-03,4350.0
2021-02-04,4300.0
2021-02-05,4300.0
2021-02-06,4350.0
2021-02-07,
2021-02-08,4300.0
2021-02-09,4550.0
2021-02-10,4550.0
2021-02-11,4500.0
2021-02-12,4600.0
2021-02-13,4400.0
2021-02-14,
2021-02-15,4400.0
2021-02-16,
2021-02-17,4450.0
2021-02-18,4700.0
2021-02-19,4900.0
2021-02-20,4850.0
2021-02-21,
2021-02-22,4850.0
2021-02-23,4800.0
2021-02-24,4900.0
2021-02-25,4900.0
2021-02-26,4900.0
2021-02-27,4950.0
2021-02-28,
2021-03-01,
2021-03-02,
2021-03-03,4975.0
2021-03-04,5050.0
2021-03-05,5000.0
2021-03-06,4900.0
2021-03-07,
2021-03-08,4950.0
2021-03-09,4900.0
2021-03-10,4950.0
2021-03-11,
2021-03-12,4950.0
2021-03-13,4950.0
2021-03-14,
2021-03-15,5000.0
2021-03-16,5000.0
2021-03-17,5200.0
2021-03-18,5250.0
2021-03-19,5250.0
2021-03-20,5100.0
2021-03-21,
2021-03-22,5250.0
2021-03-23,5200.0
2021-03-24,5250.0
2021-03-25,5300.0
2021-03-26,5300.0
2021-03-27,
2021-03-28,
2021-03-29,5300.0
2021-03-30,
2021-03-31,5300.0
2021-04-01,
2021-04-02,5600.0
2021-04-03,5800.0
2021-04-04,
2021-04-05,5850.0
2021-04-06,6200.0
2021-04-07,
2021-04-08,6350.0
2021-04-09,6250.0
2021-04-10,6300.0
2021-04-11,
2021-04-12,6375.0
2021-04-13,6400.0
2021-04-14,6500.0
2021-04-15,6400.0
2021-04-16,6500.0
2021-04-17,
2021-04-18,
2021-04-19,6700.0
2021-04-20,6800.0
2021-04-21,
2021-04-22,6950.0
2021-04-23,7000.0
2021-04-24,7000.0
2021-04-25,
2021-04-26,6800.0
2021-04-27,6700.0
2021-04-28,6700.0
2021-04-29,
2021-04-30,
2021-05-01,
2021-05-02,
2021-05-03,
2021-05-04,
2021-05-05,
2021-05-06,
2021-05-07,
2021-05-08,
2021-05-09,
2021-05-10,
2021-05-11,
2021-05-12,
2021-05-13,
2021-05-14,
2021-05-15,
2021-05-16,
2021-05-17,
2021-05-18,
2021-05-19,
2021-05-20,
2021-05-21,
2021-05-22,
2021-05-23,
2021-05-24,
2021-05-25,
2021-05-26,
2021-05-27,
2021-05-28,7250.0
2021-05-29,6800.0
2021-05-30,
2021-05-31,6900.0
2021-06-01,
2021-06-02,
2021-06-03,6700.0
2021-06-04,7000.0
2021-06-05,6800.0
2021-06-06,
2021-06-07,6800.0
2021-06-08,6950.0
2021-06-09,6800.0
2021-06-10,6850.0
2021-06-11,7000.0
2021-06-12,7000.0
2021-06-13,
2021-06-14,7100.0
2021-06-15,7100.0
2021-06-16,6900.0
2021-06-17,6700.0
2021-06-18,6850.0
2021-06-19,6900.0
2021-06-20,
2021-06-21,7000.0
2021-06-22,7000.0
2021-06-23,7000.0
2021-06-24,7100.0
2021-06-25,7200.0
2021-06-26,7000.0
2021-06-27,
2021-06-28,7000.0
2021-06-29,7000.0
2021-06-30,6800.0
2021-07-01,
2021-07-02,6800.0
2021-07-03,6800.0
2021-07-04,
2021-07-05,6900.0
2021-07-06,7400.0
2021-07-07,
2021-07-08,
2021-07-09,
2021-07-10,
2021-07-11,
2021-07-12,
2021-07-13,7280.0
2021-07-14,7430.0
2021-07-15,6940.0
2021-07-16,
2021-07-17,6900.0
2021-07-18,
2021-07-19,7000.0
2021-07-20,7400.0
2021-07-21,7500.0
2021-07-22,7800.0
2021-07-23,7800.0
2021-07-24,8000.0
2021-07-25,
2021-07-26,7850.0
2021-07-27,8900.0
2021-07-28,9200.0
2021-07-29,8800.0
2021-07-30,8700.0
2021-07-31,8800.0
2021-08-01,
2021-08-02,
2021-08-03,
2021-08-04,
2021-08-05,8800.0
2021-08-06,9550.0
2021-08-07,9500.0
2021-08-08,
2021-08-09,9500.0
2021-08-10,9000.0
2021-08-11,8200.0
2021-08-12,8200.0
2021-08-13,8500.0
2021-08-14,8300.0
2021-08-15,
2021-08-16,8500.0
2021-08-17,8900.0
2021-08-18,8850.0
2021-08-19,8500.0
2021-08-20,8500.0
2021-08-21,8500.0
2021-08-22,
2021-08-23,8500.0
2021-08-24,8600.0
2021-08-25,9000.0
2021-08-26,8900.0
2021-08-27,8700.0
2021-08-28,
2021-08-29,
2021-08-30,8500.0
2021-08-31,
2021-09-01,
2021-09-02,
2021-09-03,8850.0
2021-09-04,9400.0
2021-09-05,
2021-09-06,9500.0
2021-09-07,9300.0
2021-09-08,9350.0
2021-09-09,8500.0
2021-09-10,
2021-09-11,9500.0
2021-09-12,
2021-09-13,9800.0
2021-09-14,9500.0
2021-09-15,9200.0
2021-09-16,8500.0
2021-09-17,8500.0
2021-09-18,8800.0
2021-09-19,
2021-09-20,8600.0
2021-09-21,8500.0
2021-09-22,8650.0
2021-09-23,8700.0
2021-09-24,8500.0
2021-09-25,7000.0
2021-09-26,
2021-09-27,7000.0
2021-09-28,6800.0
2021-09-29,6500.0
2021-09-30,6400.0
2021-10-01,
2021-10-02,
2021-10-03,
2021-10-04,6500.0
2021-10-05,6000.0
2021-10-06,6000.0
2021-10-07,
2021-10-08,6000.0
2021-10-09,5500.0
2021-10-10,
2021-10-11,5500.0
2021-10-12,5200.0
2021-10-13,5000.0
2021-10-14,4800.0
2021-10-15,
2021-10-16,5800.0
2021-10-17,
2021-10-18,5200.0
2021-10-19,5500.0
2021-10-20,5200.0
2021-10-21,5300.0
2021-10-22,5300.0
2021-10-23,5000.0
2021-10-24,
2021-10-25,5200.0
2021-10-26,5000.0
2021-10-27,
2021-10-28,4800.0
2021-10-29,5000.0
2021-10-30,5000.0
2021-10-31,
2021-11-01,
2021-11-02,
2021-11-03,
2021-11-04,
2021-11-05,
2021-11-06,
2021-11-07,
2021-11-08,4850.0
2021-11-09,5500.0
2021-11-10,5000.0
2021-11-11,5000.0
2021-11-12,5400.0
2021-11-13,5500.0
2021-11-14,
2021-11-15,5200.0
2021-11-16,5500.0
2021-11-17,5800.0
2021-11-18,
2021-11-19,
2021-11-20,
2021-11-21,
2021-11-22,
2021-11-23,5700.0
2021-11-24,6000.0
2021-11-25,6100.0
2021-11-26,6200.0
2021-11-27,6550.0
2021-11-28,
2021-11-29,6300.0
2021-11-30,6300.0
2021-12-01,
2021-12-02,
2021-12-03,6000.0
2021-12-04,6400.0
2021-12-05,
2021-12-06,6500.0
2021-12-07,6500.0
2021-12-08,6400.0
2021-12-09,6450.0
2021-12-10,6450.0
2021-12-11,6350.0
2021-12-12,
2021-12-13,6400.0
2021-12-14,6400.0
2021-12-15,6200.0
2021-12-16,6050.0
2021-12-17,6000.0
2021-12-18,6150.0
2021-12-19,
2021-12-20,6150.0
2021-12-21,6100.0
2021-12-22,5800.0
2021-12-23,5500.0
2021-12-24,5500.0
2021-12-25,6000.0
2021-12-26,
2021-12-27,6000.0
2021-12-28,5900.0
2021-12-29,6050.0
2021-12-30,6200.0
2021-12-31,
2022-01-01,6000.0
2022-01-02,
2022-01-03,6100.0
2022-01-04,6200.0
2022-01-05,5900.0
2022-01-06,6200.0
2022-01-07,6250.0
2022-01-08,6250.0
2022-01-09,
2022-01-10,6250.0
2022-01-11,6300.0
2022-01-12,6250.0
2022-01-13,6300.0
2022-01-14,
2022-01-15,6350.0
2022-01-16,
2022-01-17,6100.0
2022-01-18,6050.0
2022-01-19,6150.0
2022-01-20,6150.0
2022-01-21,6300.0
2022-01-22,6300.0
2022-01-23,
2022-01-24,6250.0
2022-01-25,
2022-01-26,
2022-01-27,6300.0
2022-01-28,6200.0
2022-01-29,6000.0
2022-01-30,
2022-01-31,6300.0
