DATE,ARRIVAL
2014-01-01,
2014-01-02,415.0
2014-01-03,
2014-01-04,515.0
2014-01-05,
2014-01-06,271.5
2014-01-07,532.5
2014-01-08,407.5
2014-01-09,554.0
2014-01-10,467.5
2014-01-11,576.0
2014-01-12,
2014-01-13,553.0
2014-01-14,
2014-01-15,245.0
2014-01-16,213.5
2014-01-17,351.0
2014-01-18,342.5
2014-01-19,
2014-01-20,425.0
2014-01-21,512.0
2014-01-22,352.5
2014-01-23,337.2
2014-01-24,311.8
2014-01-25,486.5
2014-01-26,
2014-01-27,554.0
2014-01-28,725.0
2014-01-29,625.0
2014-01-30,517.0
2014-01-31,492.5
2014-02-01,412.5
2014-02-02,
2014-02-03,613.0
2014-02-04,
2014-02-05,
2014-02-06,
2014-02-07,663.7
2014-02-08,556.7
2014-02-09,
2014-02-10,481.5
2014-02-11,533.0
2014-02-12,392.0
2014-02-13,385.0
2014-02-14,451.5
2014-02-15,323.0
2014-02-16,
2014-02-17,357.0
2014-02-18,418.0
2014-02-19,412.5
2014-02-20,512.0
2014-02-21,532.5
2014-02-22,300.0
2014-02-23,
2014-02-24,512.0
2014-02-25,250.0
2014-02-26,418.5
2014-02-27,
2014-02-28,419.0
2014-03-01,369.7
2014-03-02,
2014-03-03,421.2
2014-03-04,439.5
2014-03-05,354.5
2014-03-06,448.0
2014-03-07,445.0
2014-03-08,376.0
2014-03-09,
2014-03-10,404.0
2014-03-11,458.5
2014-03-12,334.5
2014-03-13,302.0
2014-03-14,353.0
2014-03-15,
2014-03-16,
2014-03-17,
2014-03-18,254.0
2014-03-19,286.0
2014-03-20,246.5
2014-03-21,331.0
2014-03-22,427.5
2014-03-23,
2014-03-24,876.5
2014-03-25,334.0
2014-03-26,352.2
2014-03-27,389.0
2014-03-28,357.0
2014-03-29,407.4
2014-03-30,
2014-03-31,423.5
2014-04-01,419.3
2014-04-02,381.5
2014-04-03,654.0
2014-04-04,621.0
2014-04-05,469.0
2014-04-06,
2014-04-07,354.0
2014-04-08,
2014-04-09,650.0
2014-04-10,486.0
2014-04-11,495.7
2014-04-12,415.5
2014-04-13,
2014-04-14,314.7
2014-04-15,554.5
2014-04-16,456.0
2014-04-17,
2014-04-18,519.6
2014-04-19,472.5
2014-04-20,
2014-04-21,482.5
2014-04-22,456.0
2014-04-23,463.7
2014-04-24,441.5
2014-04-25,514.5
2014-04-26,450.2
2014-04-27,
2014-04-28,471.5
2014-04-29,785.0
2014-04-30,415.0
2014-05-01,557.5
2014-05-02,
2014-05-03,515.5
2014-05-04,
2014-05-05,805.5
2014-05-06,367.5
2014-05-07,466.0
2014-05-08,521.7
2014-05-09,414.5
2014-05-10,305.0
2014-05-11,
2014-05-12,355.0
2014-05-13,359.0
2014-05-14,253.0
2014-05-15,169.5
2014-05-16,312.0
2014-05-17,275.0
2014-05-18,
2014-05-19,235.9
2014-05-20,355.5
2014-05-21,312.2
2014-05-22,282.5
2014-05-23,319.4
2014-05-24,356.0
2014-05-25,
2014-05-26,302.0
2014-05-27,457.5
2014-05-28,
2014-05-29,312.5
2014-05-30,415.0
2014-05-31,404.5
2014-06-01,
2014-06-02,452.0
2014-06-03,365.0
2014-06-04,325.5
2014-06-05,328.0
2014-06-06,427.0
2014-06-07,450.5
2014-06-08,
2014-06-09,657.0
2014-06-10,455.0
2014-06-11,366.0
2014-06-12,353.0
2014-06-13,389.0
2014-06-14,558.0
2014-06-15,
2014-06-16,1275.0
2014-06-17,754.5
2014-06-18,556.7
2014-06-19,539.5
2014-06-20,556.4
2014-06-21,550.0
2014-06-22,
2014-06-23,348.0
2014-06-24,321.9
2014-06-25,306.0
2014-06-26,502.5
2014-06-27,452.0
2014-06-28,455.0
2014-06-29,
2014-06-30,454.0
2014-07-01,506.1
2014-07-02,355.0
2014-07-03,423.5
2014-07-04,456.7
2014-07-05,402.5
2014-07-06,
2014-07-07,416.0
2014-07-08,501.9
2014-07-09,351.5
2014-07-10,321.5
2014-07-11,308.5
2014-07-12,308.0
2014-07-13,
2014-07-14,502.8
2014-07-15,
2014-07-16,
2014-07-17,708.5
2014-07-18,
2014-07-19,501.0
2014-07-20,
2014-07-21,
2014-07-22,503.2
2014-07-23,608.5
2014-07-24,408.0
2014-07-25,501.2
2014-07-26,509.6
2014-07-27,
2014-07-28,402.0
2014-07-29,302.5
2014-07-30,275.0
2014-07-31,553.0
2014-08-01,452.4
2014-08-02,456.0
2014-08-03,
2014-08-04,501.5
2014-08-05,508.2
2014-08-06,
2014-08-07,200.0
2014-08-08,52.5
2014-08-09,122.0
2014-08-10,
2014-08-11,200.0
2014-08-12,83.5
2014-08-13,50.0
2014-08-14,110.0
2014-08-15,
2014-08-16,300.0
2014-08-17,
2014-08-18,
2014-08-19,507.4
2014-08-20,659.3
2014-08-21,454.5
2014-08-22,209.5
2014-08-23,302.5
2014-08-24,
2014-08-25,
2014-08-26,
2014-08-27,307.0
2014-08-28,352.0
2014-08-29,
2014-08-30,276.1
2014-08-31,
2014-09-01,283.7
2014-09-02,253.8
2014-09-03,407.7
2014-09-04,150.0
2014-09-05,251.2
2014-09-06,278.5
2014-09-07,
2014-09-08,
2014-09-09,105.0
2014-09-10,220.0
2014-09-11,250.5
2014-09-12,250.0
2014-09-13,
2014-09-14,
2014-09-15,233.0
2014-09-16,508.4
2014-09-17,250.5
2014-09-18,352.0
2014-09-19,408.2
2014-09-20,150.0
2014-09-21,
2014-09-22,323.2
2014-09-23,503.0
2014-09-24,307.5
2014-09-25,
2014-09-26,309.1
2014-09-27,401.5
2014-09-28,
2014-09-29,320.5
2014-09-30,331.5
2014-10-01,352.9
2014-10-02,356.5
2014-10-03,
2014-10-04,326.0
2014-10-05,
2014-10-06,204.0
2014-10-07,568.6
2014-10-08,302.2
2014-10-09,507.4
2014-10-10,453.3
2014-10-11,
2014-10-12,
2014-10-13,456.6
2014-10-14,
2014-10-15,608.5
2014-10-16,528.8
2014-10-17,703.6
2014-10-18,
2014-10-19,
2014-10-20,
2014-10-21,
2014-10-22,
2014-10-23,
2014-10-24,
2014-10-25,
2014-10-26,
2014-10-27,887.0
2014-10-28,1104.7
2014-10-29,853.0
2014-10-30,1055.2
2014-10-31,1252.0
2014-11-01,1058.3
2014-11-02,
2014-11-03,1156.0
2014-11-04,1206.0
2014-11-05,902.5
2014-11-06,
2014-11-07,1021.1
2014-11-08,1148.0
2014-11-09,
2014-11-10,1246.5
2014-11-11,1022.2
2014-11-12,854.0
2014-11-13,760.4
2014-11-14,611.5
2014-11-15,857.0
2014-11-16,
2014-11-17,647.7
2014-11-18,667.0
2014-11-19,745.0
2014-11-20,924.1
2014-11-21,629.0
2014-11-22,
2014-11-23,
2014-11-24,559.0
2014-11-25,1159.6
2014-11-26,988.5
2014-11-27,1075.5
2014-11-28,883.4
2014-11-29,554.0
2014-11-30,
2014-12-01,652.0
2014-12-02,978.0
2014-12-03,456.7
2014-12-04,450.5
2014-12-05,358.6
2014-12-06,388.9
2014-12-07,
2014-12-08,251.0
2014-12-09,400.7
2014-12-10,454.0
2014-12-11,430.5
2014-12-12,524.5
2014-12-13,256.5
2014-12-14,
2014-12-15,536.6
2014-12-16,257.7
2014-12-17,253.0
2014-12-18,281.0
2014-12-19,203.0
2014-12-20,250.5
2014-12-21,
2014-12-22,250.5
2014-12-23,177.5
2014-12-24,252.2
2014-12-25,233.0
2014-12-26,250.0
2014-12-27,250.5
2014-12-28,
2014-12-29,263.0
2014-12-30,285.0
2014-12-31,307.5
2015-01-01,251.5
2015-01-02,70.0
2015-01-03,126.0
2015-01-04,
2015-01-05,100.5
2015-01-06,150.0
2015-01-07,251.7
2015-01-08,302.0
2015-01-09,250.0
2015-01-10,359.5
2015-01-11,
2015-01-12,152.0
2015-01-13,152.0
2015-01-14,
2015-01-15,159.5
2015-01-16,99.0
2015-01-17,108.0
2015-01-18,
2015-01-19,105.0
2015-01-20,155.5
2015-01-21,152.0
2015-01-22,185.0
2015-01-23,108.0
2015-01-24,
2015-01-25,
2015-01-26,
2015-01-27,92.5
2015-01-28,68.5
2015-01-29,105.0
2015-01-30,
2015-01-31,158.0
2015-02-01,
2015-02-02,129.0
2015-02-03,135.0
2015-02-04,145.0
2015-02-05,325.0
2015-02-06,359.5
2015-02-07,454.0
2015-02-08,
2015-02-09,454.0
2015-02-10,253.5
2015-02-11,103.0
2015-02-12,185.0
2015-02-13,200.5
2015-02-14,380.0
2015-02-15,
2015-02-16,235.0
2015-02-17,
2015-02-18,259.2
2015-02-19,336.0
2015-02-20,355.0
2015-02-21,516.1
2015-02-22,
2015-02-23,485.0
2015-02-24,471.0
2015-02-25,286.0
2015-02-26,302.5
2015-02-27,296.0
2015-02-28,352.0
2015-03-01,
2015-03-02,302.5
2015-03-03,126.5
2015-03-04,257.5
2015-03-05,235.0
2015-03-06,
2015-03-07,70.0
2015-03-08,
2015-03-09,162.0
2015-03-10,322.5
2015-03-11,
2015-03-12,250.5
2015-03-13,320.0
2015-03-14,121.0
2015-03-15,
2015-03-16,232.5
2015-03-17,123.0
2015-03-18,122.0
2015-03-19,228.0
2015-03-20,263.0
2015-03-21,252.0
2015-03-22,
2015-03-23,266.7
2015-03-24,150.0
2015-03-25,108.0
2015-03-26,78.0
2015-03-27,325.0
2015-03-28,153.0
2015-03-29,
2015-03-30,400.0
2015-03-31,130.5
2015-04-01,300.0
2015-04-02,
2015-04-03,360.0
2015-04-04,306.0
2015-04-05,
2015-04-06,70.0
2015-04-07,272.4
2015-04-08,145.0
2015-04-09,
2015-04-10,261.0
2015-04-11,261.0
2015-04-12,
2015-04-13,337.9
2015-04-14,323.0
2015-04-15,250.0
2015-04-16,334.5
2015-04-17,437.7
2015-04-18,433.7
2015-04-19,
2015-04-20,207.0
2015-04-21,
2015-04-22,178.8
2015-04-23,265.8
2015-04-24,323.0
2015-04-25,391.3
2015-04-26,
2015-04-27,384.0
2015-04-28,424.0
2015-04-29,401.0
2015-04-30,275.0
2015-05-01,253.8
2015-05-02,258.5
2015-05-03,
2015-05-04,354.2
2015-05-05,302.5
2015-05-06,308.0
2015-05-07,366.5
2015-05-08,304.6
2015-05-09,
2015-05-10,
2015-05-11,317.5
2015-05-12,773.0
2015-05-13,350.0
2015-05-14,353.0
2015-05-15,353.0
2015-05-16,383.0
2015-05-17,
2015-05-18,
2015-05-19,285.0
2015-05-20,
2015-05-21,318.0
2015-05-22,253.0
2015-05-23,252.0
2015-05-24,
2015-05-25,273.0
2015-05-26,334.0
2015-05-27,343.5
2015-05-28,234.0
2015-05-29,223.0
2015-05-30,205.0
2015-05-31,
2015-06-01,
2015-06-02,213.0
2015-06-03,
2015-06-04,250.5
2015-06-05,305.0
2015-06-06,356.5
2015-06-07,
2015-06-08,453.0
2015-06-09,315.0
2015-06-10,
2015-06-11,359.0
2015-06-12,256.0
2015-06-13,324.5
2015-06-14,
2015-06-15,256.0
2015-06-16,255.0
2015-06-17,301.0
2015-06-18,338.0
2015-06-19,354.0
2015-06-20,356.0
2015-06-21,
2015-06-22,308.0
2015-06-23,553.0
2015-06-24,354.0
2015-06-25,333.5
2015-06-26,35.0
2015-06-27,303.0
2015-06-28,
2015-06-29,305.0
2015-06-30,307.0
2015-07-01,327.0
2015-07-02,354.0
2015-07-03,450.0
2015-07-04,374.0
2015-07-05,
2015-07-06,420.5
2015-07-07,453.0
2015-07-08,405.0
2015-07-09,452.0
2015-07-10,356.0
2015-07-11,356.0
2015-07-12,
2015-07-13,357.0
2015-07-14,423.0
2015-07-15,
2015-07-16,63.5
2015-07-17,65.8
2015-07-18,623.0
2015-07-19,
2015-07-20,472.0
2015-07-21,507.0
2015-07-22,463.0
2015-07-23,505.0
2015-07-24,412.0
2015-07-25,507.0
2015-07-26,
2015-07-27,475.0
2015-07-28,254.0
2015-07-29,465.0
2015-07-30,516.0
2015-07-31,435.0
2015-08-01,566.0
2015-08-02,
2015-08-03,415.0
2015-08-04,537.0
2015-08-05,536.0
2015-08-06,457.0
2015-08-07,463.0
2015-08-08,
2015-08-09,
2015-08-10,433.0
2015-08-11,405.0
2015-08-12,388.0
2015-08-13,508.0
2015-08-14,405.0
2015-08-15,
2015-08-16,
2015-08-17,540.0
2015-08-18,563.0
2015-08-19,305.0
2015-08-20,650.0
2015-08-21,645.0
2015-08-22,713.0
2015-08-23,
2015-08-24,
2015-08-25,664.0
2015-08-26,1234.0
2015-08-27,
2015-08-28,603.0
2015-08-29,
2015-08-30,
2015-08-31,620.0
2015-09-01,484.5
2015-09-02,525.0
2015-09-03,
2015-09-04,590.0
2015-09-05,553.0
2015-09-06,
2015-09-07,405.0
2015-09-08,455.0
2015-09-09,403.0
2015-09-10,354.0
2015-09-11,386.0
2015-09-12,464.5
2015-09-13,
2015-09-14,425.0
2015-09-15,405.0
2015-09-16,305.0
2015-09-17,
2015-09-18,310.0
2015-09-19,233.0
2015-09-20,
2015-09-21,306.0
2015-09-22,489.0
2015-09-23,505.0
2015-09-24,535.0
2015-09-25,424.5
2015-09-26,521.5
2015-09-27,
2015-09-28,1049.0
2015-09-29,2063.0
2015-09-30,2014.0
2015-10-01,2086.5
2015-10-02,2034.0
2015-10-03,1835.0
2015-10-04,
2015-10-05,2076.0
2015-10-06,2065.0
2015-10-07,2105.0
2015-10-08,2035.0
2015-10-09,2072.0
2015-10-10,2145.0
2015-10-11,
2015-10-12,
2015-10-13,
2015-10-14,2065.0
2015-10-15,2077.5
2015-10-16,2016.0
2015-10-17,2074.0
2015-10-18,
2015-10-19,1949.0
2015-10-20,1535.0
2015-10-21,1869.0
2015-10-22,
2015-10-23,2064.0
2015-10-24,677.5
2015-10-25,
2015-10-26,1535.0
2015-10-27,1581.0
2015-10-28,1869.0
2015-10-29,2045.0
2015-10-30,1715.0
2015-10-31,1635.0
2015-11-01,
2015-11-02,1435.0
2015-11-03,932.0
2015-11-04,1050.7
2015-11-05,1579.5
2015-11-06,1190.0
2015-11-07,1095.0
2015-11-08,
2015-11-09,
2015-11-10,
2015-11-11,
2015-11-12,
2015-11-13,
2015-11-14,
2015-11-15,
2015-11-16,1397.5
2015-11-17,1204.0
2015-11-18,1063.0
2015-11-19,1357.5
2015-11-20,1597.5
2015-11-21,1284.5
2015-11-22,
2015-11-23,1266.0
2015-11-24,
2015-11-25,
2015-11-26,1067.0
2015-11-27,1517.0
2015-11-28,1084.0
2015-11-29,
2015-11-30,874.0
2015-12-01,1245.0
2015-12-02,1126.0
2015-12-03,
2015-12-04,876.0
2015-12-05,843.5
2015-12-06,
2015-12-07,757.0
2015-12-08,895.0
2015-12-09,731.5
2015-12-10,937.5
2015-12-11,641.0
2015-12-12,664.0
2015-12-13,
2015-12-14,655.0
2015-12-15,650.0
2015-12-16,481.0
2015-12-17,465.0
2015-12-18,424.0
2015-12-19,462.0
2015-12-20,
2015-12-21,462.0
2015-12-22,446.0
2015-12-23,480.0
2015-12-24,428.0
2015-12-25,434.5
2015-12-26,256.0
2015-12-27,
2015-12-28,323.0
2015-12-29,305.0
2015-12-30,
2015-12-31,268.0
2016-01-01,325.0
2016-01-02,273.5
2016-01-03,
2016-01-04,315.0
2016-01-05,299.0
2016-01-06,354.5
2016-01-07,290.0
2016-01-08,316.0
2016-01-09,404.5
2016-01-10,
2016-01-11,356.0
2016-01-12,303.5
2016-01-13,307.0
2016-01-14,283.5
2016-01-15,
2016-01-16,264.0
2016-01-17,
2016-01-18,270.0
2016-01-19,200.0
2016-01-20,217.0
2016-01-21,227.5
2016-01-22,248.0
2016-01-23,221.0
2016-01-24,
2016-01-25,229.5
2016-01-26,
2016-01-27,358.5
2016-01-28,352.5
2016-01-29,354.5
2016-01-30,324.0
2016-01-31,
2016-02-01,403.0
2016-02-02,313.0
2016-02-03,275.0
2016-02-04,301.5
2016-02-05,293.0
2016-02-06,245.0
2016-02-07,
2016-02-08,
2016-02-09,253.5
2016-02-10,471.5
2016-02-11,
2016-02-12,
2016-02-13,343.5
2016-02-14,
2016-02-15,321.0
2016-02-16,358.0
2016-02-17,359.0
2016-02-18,287.0
2016-02-19,303.5
2016-02-20,195.0
2016-02-21,
2016-02-22,284.0
2016-02-23,269.0
2016-02-24,273.0
2016-02-25,257.0
2016-02-26,276.0
2016-02-27,321.5
2016-02-28,
2016-02-29,103.0
2016-03-01,253.0
2016-03-02,271.5
2016-03-03,326.5
2016-03-04,337.0
2016-03-05,306.0
2016-03-06,
2016-03-07,
2016-03-08,268.5
2016-03-09,289.0
2016-03-10,
2016-03-11,251.0
2016-03-12,271.0
2016-03-13,
2016-03-14,256.5
2016-03-15,306.5
2016-03-16,356.0
2016-03-17,289.0
2016-03-18,275.0
2016-03-19,304.5
2016-03-20,
2016-03-21,308.0
2016-03-22,314.0
2016-03-23,254.0
2016-03-24,
2016-03-25,289.0
2016-03-26,258.0
2016-03-27,
2016-03-28,314.0
2016-03-29,329.0
2016-03-30,305.5
2016-03-31,304.0
2016-04-01,283.0
2016-04-02,305.0
2016-04-03,
2016-04-04,303.0
2016-04-05,489.0
2016-04-06,308.0
2016-04-07,525.0
2016-04-08,487.0
2016-04-09,387.0
2016-04-10,
2016-04-11,356.5
2016-04-12,720.0
2016-04-13,427.0
2016-04-14,656.5
2016-04-15,
2016-04-16,756.5
2016-04-17,
2016-04-18,724.0
2016-04-19,
2016-04-20,824.0
2016-04-21,786.5
2016-04-22,685.0
2016-04-23,354.0
2016-04-24,
2016-04-25,305.0
2016-04-26,345.0
2016-04-27,375.0
2016-04-28,356.5
2016-04-29,306.5
2016-04-30,353.0
2016-05-01,
2016-05-02,203.0
2016-05-03,284.5
2016-05-04,256.0
2016-05-05,454.0
2016-05-06,524.0
2016-05-07,354.0
2016-05-08,
2016-05-09,
2016-05-10,385.0
2016-05-11,305.0
2016-05-12,305.0
2016-05-13,356.5
2016-05-14,356.0
2016-05-15,
2016-05-16,296.5
2016-05-17,303.0
2016-05-18,205.0
2016-05-19,360.0
2016-05-20,300.0
2016-05-21,235.0
2016-05-22,
2016-05-23,306.5
2016-05-24,304.0
2016-05-25,350.0
2016-05-26,405.0
2016-05-27,285.0
2016-05-28,325.0
2016-05-29,
2016-05-30,305.0
2016-05-31,312.0
2016-06-01,305.0
2016-06-02,311.1
2016-06-03,263.0
2016-06-04,285.0
2016-06-05,
2016-06-06,302.5
2016-06-07,250.0
2016-06-08,260.5
2016-06-09,354.0
2016-06-10,257.0
2016-06-11,205.0
2016-06-12,
2016-06-13,283.0
2016-06-14,354.0
2016-06-15,306.0
2016-06-16,456.0
2016-06-17,397.5
2016-06-18,260.0
2016-06-19,
2016-06-20,270.0
2016-06-21,330.0
2016-06-22,
2016-06-23,423.0
2016-06-24,375.0
2016-06-25,356.0
2016-06-26,
2016-06-27,367.0
2016-06-28,355.0
2016-06-29,312.5
2016-06-30,231.0
2016-07-01,254.0
2016-07-02,273.0
2016-07-03,
2016-07-04,
2016-07-05,250.0
2016-07-06,307.5
2016-07-07,405.5
2016-07-08,393.0
2016-07-09,332.0
2016-07-10,
2016-07-11,285.0
2016-07-12,239.0
2016-07-13,226.0
2016-07-14,186.5
2016-07-15,
2016-07-16,325.0
2016-07-17,
2016-07-18,327.5
2016-07-19,243.5
2016-07-20,312.0
2016-07-21,347.0
2016-07-22,275.0
2016-07-23,405.0
2016-07-24,
2016-07-25,387.8
2016-07-26,321.5
2016-07-27,307.0
2016-07-28,215.0
2016-07-29,
2016-07-30,
2016-07-31,
2016-08-01,
2016-08-02,
2016-08-03,293.0
2016-08-04,308.0
2016-08-05,345.0
2016-08-06,355.0
2016-08-07,
2016-08-08,334.0
2016-08-09,300.0
2016-08-10,273.0
2016-08-11,312.0
2016-08-12,306.0
2016-08-13,340.5
2016-08-14,
2016-08-15,
2016-08-16,305.0
2016-08-17,589.0
2016-08-18,
2016-08-19,408.0
2016-08-20,252.0
2016-08-21,
2016-08-22,185.0
2016-08-23,272.0
2016-08-24,
2016-08-25,305.0
2016-08-26,
2016-08-27,258.0
2016-08-28,
2016-08-29,407.0
2016-08-30,352.0
2016-08-31,338.0
2016-09-01,407.0
2016-09-02,
2016-09-03,316.0
2016-09-04,
2016-09-05,
2016-09-06,360.5
2016-09-07,
2016-09-08,355.0
2016-09-09,323.0
2016-09-10,301.0
2016-09-11,
2016-09-12,236.0
2016-09-13,65.0
2016-09-14,256.0
2016-09-15,
2016-09-16,155.0
2016-09-17,109.0
2016-09-18,
2016-09-19,257.0
2016-09-20,213.9
2016-09-21,
2016-09-22,282.0
2016-09-23,
2016-09-24,259.0
2016-09-25,
2016-09-26,234.5
2016-09-27,288.0
2016-09-28,
2016-09-29,302.5
2016-09-30,317.0
2016-10-01,
2016-10-02,
2016-10-03,323.0
2016-10-04,
2016-10-05,637.0
2016-10-06,824.0
2016-10-07,871.0
2016-10-08,1023.0
2016-10-09,
2016-10-10,1141.5
2016-10-11,
2016-10-12,974.0
2016-10-13,1113.0
2016-10-14,1253.0
2016-10-15,3011.4
2016-10-16,
2016-10-17,2523.0
2016-10-18,2513.0
2016-10-19,2675.0
2016-10-20,2081.0
2016-10-21,2111.0
2016-10-22,2051.0
2016-10-23,
2016-10-24,2082.0
2016-10-25,2431.5
2016-10-26,2199.5
2016-10-27,2043.0
2016-10-28,1852.0
2016-10-29,
2016-10-30,
2016-10-31,
2016-11-01,
2016-11-02,1852.0
2016-11-03,1134.0
2016-11-04,1279.0
2016-11-05,1075.0
2016-11-06,
2016-11-07,120.0
2016-11-08,1066.0
2016-11-09,1567.0
2016-11-10,1326.0
2016-11-11,633.5
2016-11-12,355.0
2016-11-13,
2016-11-14,
2016-11-15,231.5
2016-11-16,325.0
2016-11-17,385.0
2016-11-18,
2016-11-19,
2016-11-20,415.0
2016-11-21,364.0
2016-11-22,406.0
2016-11-23,458.0
2016-11-24,396.0
2016-11-25,459.0
2016-11-26,408.0
2016-11-27,
2016-11-28,478.0
2016-11-29,432.5
2016-11-30,457.0
2016-12-01,528.0
2016-12-02,
2016-12-03,
2016-12-04,
2016-12-05,746.5
2016-12-06,465.0
2016-12-07,546.5
2016-12-08,
2016-12-09,546.0
2016-12-10,471.5
2016-12-11,
2016-12-12,331.0
2016-12-13,471.5
2016-12-14,407.0
2016-12-15,
2016-12-16,548.0
2016-12-17,548.0
2016-12-18,
2016-12-19,415.0
2016-12-20,446.0
2016-12-21,
2016-12-22,354.0
2016-12-23,292.0
2016-12-24,369.0
2016-12-25,
2016-12-26,317.0
2016-12-27,275.0
2016-12-28,306.0
2016-12-29,354.0
2016-12-30,322.0
2016-12-31,356.0
2017-01-01,
2017-01-02,324.0
2017-01-03,355.0
2017-01-04,
2017-01-05,415.0
2017-01-06,445.0
2017-01-07,436.0
2017-01-08,
2017-01-09,395.0
2017-01-10,315.0
2017-01-11,283.0
2017-01-12,307.0
2017-01-13,345.0
2017-01-14,
2017-01-15,
2017-01-16,322.0
2017-01-17,334.0
2017-01-18,311.0
2017-01-19,345.0
2017-01-20,416.0
2017-01-21,365.0
2017-01-22,
2017-01-23,326.0
2017-01-24,383.0
2017-01-25,354.0
2017-01-26,
2017-01-27,365.0
2017-01-28,315.0
2017-01-29,
2017-01-30,294.0
2017-01-31,325.0
2017-02-01,
2017-02-02,
2017-02-03,
2017-02-04,
2017-02-05,
2017-02-06,
2017-02-07,
2017-02-08,
2017-02-09,
2017-02-10,
2017-02-11,
2017-02-12,
2017-02-13,
2017-02-14,298.0
2017-02-15,250.0
2017-02-16,313.0
2017-02-17,473.5
2017-02-18,431.5
2017-02-19,
2017-02-20,359.0
2017-02-21,315.0
2017-02-22,348.0
2017-02-23,325.0
2017-02-24,
2017-02-25,352.0
2017-02-26,
2017-02-27,318.0
2017-02-28,338.0
2017-03-01,304.0
2017-03-02,335.0
2017-03-03,395.0
2017-03-04,412.0
2017-03-05,
2017-03-06,395.0
2017-03-07,456.0
2017-03-08,442.0
2017-03-09,425.0
2017-03-10,358.0
2017-03-11,294.0
2017-03-12,
2017-03-13,
2017-03-14,254.0
2017-03-15,282.0
2017-03-16,312.0
2017-03-17,288.0
2017-03-18,281.0
2017-03-19,
2017-03-20,281.0
2017-03-21,295.0
2017-03-22,312.0
2017-03-23,352.0
2017-03-24,275.0
2017-03-25,314.0
2017-03-26,
2017-03-27,323.5
2017-03-28,343.0
2017-03-29,283.0
2017-03-30,406.0
2017-03-31,306.5
2017-04-01,300.5
2017-04-02,
2017-04-03,307.0
2017-04-04,
2017-04-05,344.0
2017-04-06,256.5
2017-04-07,292.0
2017-04-08,104.5
2017-04-09,
2017-04-10,228.0
2017-04-11,510.0
2017-04-12,415.0
2017-04-13,445.0
2017-04-14,467.0
2017-04-15,
2017-04-16,
2017-04-17,440.0
2017-04-18,850.0
2017-04-19,507.0
2017-04-20,435.0
2017-04-21,405.0
2017-04-22,464.0
2017-04-23,
2017-04-24,477.5
2017-04-25,505.0
2017-04-26,379.0
2017-04-27,455.0
2017-04-28,
2017-04-29,
2017-04-30,
2017-05-01,205.0
2017-05-02,326.0
2017-05-03,277.5
2017-05-04,287.0
2017-05-05,301.0
2017-05-06,307.0
2017-05-07,
2017-05-08,306.0
2017-05-09,273.0
2017-05-10,212.0
2017-05-11,179.0
2017-05-12,
2017-05-13,429.0
2017-05-14,
2017-05-15,425.0
2017-05-16,395.0
2017-05-17,463.5
2017-05-18,342.5
2017-05-19,303.5
2017-05-20,345.5
2017-05-21,
2017-05-22,367.0
2017-05-23,287.5
2017-05-24,345.0
2017-05-25,356.0
2017-05-26,335.0
2017-05-27,395.0
2017-05-28,
2017-05-29,338.0
2017-05-30,251.5
2017-05-31,300.0
2017-06-01,325.0
2017-06-02,
2017-06-03,328.0
2017-06-04,
2017-06-05,266.0
2017-06-06,205.0
2017-06-07,201.0
2017-06-08,262.5
2017-06-09,306.0
2017-06-10,359.5
2017-06-11,
2017-06-12,358.0
2017-06-13,338.0
2017-06-14,338.0
2017-06-15,358.5
2017-06-16,308.0
2017-06-17,325.5
2017-06-18,
2017-06-19,345.0
2017-06-20,320.0
2017-06-21,365.0
2017-06-22,451.5
2017-06-23,285.0
2017-06-24,587.0
2017-06-25,
2017-06-26,393.0
2017-06-27,352.0
2017-06-28,385.0
2017-06-29,363.0
2017-06-30,
2017-07-01,
2017-07-02,
2017-07-03,
2017-07-04,396.0
2017-07-05,251.0
2017-07-06,283.5
2017-07-07,273.0
2017-07-08,753.0
2017-07-09,
2017-07-10,
2017-07-11,737.0
2017-07-12,705.0
2017-07-13,740.0
2017-07-14,430.0
2017-07-15,405.0
2017-07-16,
2017-07-17,325.0
2017-07-18,338.0
2017-07-19,405.0
2017-07-20,397.5
2017-07-21,390.0
2017-07-22,385.0
2017-07-23,
2017-07-24,377.0
2017-07-25,380.0
2017-07-26,
2017-07-27,355.0
2017-07-28,950.0
2017-07-29,325.0
2017-07-30,
2017-07-31,338.0
2017-08-01,
2017-08-02,359.0
2017-08-03,469.0
2017-08-04,363.5
2017-08-05,404.5
2017-08-06,
2017-08-07,
2017-08-08,309.5
2017-08-09,87.5
2017-08-10,38.5
2017-08-11,108.5
2017-08-12,208.0
2017-08-13,
2017-08-14,246.0
2017-08-15,
2017-08-16,
2017-08-17,
2017-08-18,
2017-08-19,295.0
2017-08-20,
2017-08-21,
2017-08-22,363.5
2017-08-23,
2017-08-24,508.0
2017-08-25,
2017-08-26,483.0
2017-08-27,
2017-08-28,357.0
2017-08-29,326.0
2017-08-30,368.0
2017-08-31,413.0
2017-09-01,253.0
2017-09-02,284.0
2017-09-03,
2017-09-04,205.0
2017-09-05,
2017-09-06,365.0
2017-09-07,458.0
2017-09-08,612.5
2017-09-09,652.0
2017-09-10,
2017-09-11,437.0
2017-09-12,449.0
2017-09-13,356.0
2017-09-14,378.0
2017-09-15,437.0
2017-09-16,405.0
2017-09-17,
2017-09-18,331.0
2017-09-19,357.0
2017-09-20,259.5
2017-09-21,
2017-09-22,235.0
2017-09-23,220.0
2017-09-24,
2017-09-25,286.0
2017-09-26,736.0
2017-09-27,812.0
2017-09-28,886.0
2017-09-29,905.0
2017-09-30,
2017-10-01,
2017-10-02,1215.0
2017-10-03,1434.0
2017-10-04,
2017-10-05,2324.0
2017-10-06,2755.0
2017-10-07,1545.0
2017-10-08,
2017-10-09,3314.0
2017-10-10,3597.5
2017-10-11,4072.0
2017-10-12,3891.0
2017-10-13,3878.0
2017-10-14,3047.0
2017-10-15,
2017-10-16,2783.0
2017-10-17,
2017-10-18,
2017-10-19,
2017-10-20,
2017-10-21,
2017-10-22,
2017-10-23,2568.0
2017-10-24,1069.0
2017-10-25,1237.0
2017-10-26,1125.0
2017-10-27,1516.0
2017-10-28,1209.8
2017-10-29,
2017-10-30,1421.5
2017-10-31,1647.0
2017-11-01,1522.0
2017-11-02,1625.0
2017-11-03,1461.5
2017-11-04,
2017-11-05,
2017-11-06,1491.5
2017-11-07,1561.0
2017-11-08,1738.0
2017-11-09,1429.5
2017-11-10,1258.5
2017-11-11,1188.5
2017-11-12,
2017-11-13,1125.0
2017-11-14,1221.0
2017-11-15,1078.0
2017-11-16,1203.0
2017-11-17,1135.0
2017-11-18,503.0
2017-11-19,
2017-11-20,509.6
2017-11-21,509.6
2017-11-22,485.0
2017-11-23,462.5
2017-11-24,668.0
2017-11-25,623.0
2017-11-26,
2017-11-27,539.0
2017-11-28,567.5
2017-11-29,522.5
2017-11-30,509.0
2017-12-01,484.0
2017-12-02,475.0
2017-12-03,
2017-12-04,511.5
2017-12-05,562.0
2017-12-06,213.5
2017-12-07,226.0
2017-12-08,200.0
2017-12-09,452.0
2017-12-10,
2017-12-11,427.0
2017-12-12,542.5
2017-12-13,387.0
2017-12-14,536.0
2017-12-15,493.5
2017-12-16,466.0
2017-12-17,
2017-12-18,
2017-12-19,402.5
2017-12-20,517.0
2017-12-21,482.5
2017-12-22,547.0
2017-12-23,611.5
2017-12-24,
2017-12-25,517.0
2017-12-26,451.5
2017-12-27,408.0
2017-12-28,422.5
2017-12-29,392.5
2017-12-30,430.0
2017-12-31,
2018-01-01,392.5
2018-01-02,303.5
2018-01-03,312.0
2018-01-04,426.0
2018-01-05,454.0
2018-01-06,412.5
2018-01-07,
2018-01-08,446.0
2018-01-09,611.5
2018-01-10,388.0
2018-01-11,459.0
2018-01-12,472.0
2018-01-13,457.0
2018-01-14,
2018-01-15,302.5
2018-01-16,305.0
2018-01-17,330.5
2018-01-18,484.5
2018-01-19,425.0
2018-01-20,405.0
2018-01-21,
2018-01-22,
2018-01-23,391.5
2018-01-24,422.5
2018-01-25,375.0
2018-01-26,
2018-01-27,323.0
2018-01-28,
2018-01-29,364.0
2018-01-30,283.5
2018-01-31,357.0
2018-02-01,349.0
2018-02-02,446.0
2018-02-03,456.5
2018-02-04,
2018-02-05,337.0
2018-02-06,321.5
2018-02-07,268.0
2018-02-08,235.0
2018-02-09,241.5
2018-02-10,302.5
2018-02-11,
2018-02-12,428.0
2018-02-13,452.5
2018-02-14,
2018-02-15,439.0
2018-02-16,421.5
2018-02-17,473.0
2018-02-18,
2018-02-19,387.5
2018-02-20,325.0
2018-02-21,331.5
2018-02-22,358.5
2018-02-23,381.5
2018-02-24,397.5
2018-02-25,
2018-02-26,287.0
2018-02-27,503.0
2018-02-28,487.0
2018-03-01,356.0
2018-03-02,
2018-03-03,217.5
2018-03-04,
2018-03-05,89.0
2018-03-06,393.0
2018-03-07,432.5
2018-03-08,453.0
2018-03-09,423.0
2018-03-10,323.0
2018-03-11,
2018-03-12,283.0
2018-03-13,323.5
2018-03-14,278.0
2018-03-15,313.5
2018-03-16,282.5
2018-03-17,212.5
2018-03-18,
2018-03-19,235.0
2018-03-20,335.5
2018-03-21,248.5
2018-03-22,206.5
2018-03-23,209.5
2018-03-24,202.5
2018-03-25,
2018-03-26,236.0
2018-03-27,202.5
2018-03-28,234.0
2018-03-29,
2018-03-30,214.0
2018-03-31,223.0
2018-04-01,
2018-04-02,186.0
2018-04-03,204.5
2018-04-04,205.5
2018-04-05,216.0
2018-04-06,162.0
2018-04-07,258.0
2018-04-08,
2018-04-09,208.5
2018-04-10,386.0
2018-04-11,208.0
2018-04-12,350.0
2018-04-13,213.0
2018-04-14,236.5
2018-04-15,
2018-04-16,
2018-04-17,357.0
2018-04-18,
2018-04-19,406.0
2018-04-20,333.0
2018-04-21,158.0
2018-04-22,
2018-04-23,136.0
2018-04-24,147.0
2018-04-25,143.0
2018-04-26,225.5
2018-04-27,242.5
2018-04-28,201.5
2018-04-29,
2018-04-30,55.0
2018-05-01,47.0
2018-05-02,95.0
2018-05-03,92.0
2018-05-04,68.0
2018-05-05,163.0
2018-05-06,
2018-05-07,95.0
2018-05-08,161.0
2018-05-09,107.0
2018-05-10,79.0
2018-05-11,71.5
2018-05-12,95.0
2018-05-13,
2018-05-14,81.5
2018-05-15,121.5
2018-05-16,98.0
2018-05-17,118.5
2018-05-18,133.0
2018-05-19,152.5
2018-05-20,
2018-05-21,108.5
2018-05-22,156.0
2018-05-23,141.5
2018-05-24,
2018-05-25,140.5
2018-05-26,172.5
2018-05-27,
2018-05-28,110.5
2018-05-29,86.0
2018-05-30,80.5
2018-05-31,106.5
2018-06-01,103.5
2018-06-02,152.0
2018-06-03,
2018-06-04,123.0
2018-06-05,113.5
2018-06-06,143.0
2018-06-07,125.0
2018-06-08,120.5
2018-06-09,132.5
2018-06-10,
2018-06-11,152.0
2018-06-12,129.5
2018-06-13,156.0
2018-06-14,175.0
2018-06-15,175.0
2018-06-16,158.0
2018-06-17,
2018-06-18,83.5
2018-06-19,153.0
2018-06-20,149.0
2018-06-21,132.0
2018-06-22,143.5
2018-06-23,153.5
2018-06-24,
2018-06-25,141.5
2018-06-26,234.0
2018-06-27,157.0
2018-06-28,209.5
2018-06-29,183.5
2018-06-30,147.0
2018-07-01,
2018-07-02,200.0
2018-07-03,239.0
2018-07-04,251.5
2018-07-05,221.5
2018-07-06,354.5
2018-07-07,368.5
2018-07-08,
2018-07-09,258.5
2018-07-10,236.5
2018-07-11,252.7
2018-07-12,205.0
2018-07-13,137.0
2018-07-14,183.0
2018-07-15,
2018-07-16,138.0
2018-07-17,194.0
2018-07-18,181.5
2018-07-19,181.5
2018-07-20,158.5
2018-07-21,145.7
2018-07-22,
2018-07-23,139.0
2018-07-24,105.0
2018-07-25,
2018-07-26,49.5
2018-07-27,68.0
2018-07-28,107.0
2018-07-29,
2018-07-30,129.5
2018-07-31,258.0
2018-08-01,233.0
2018-08-02,325.0
2018-08-03,411.5
2018-08-04,303.5
2018-08-05,
2018-08-06,318.0
2018-08-07,362.0
2018-08-08,284.0
2018-08-09,179.0
2018-08-10,208.0
2018-08-11,146.0
2018-08-12,
2018-08-13,107.0
2018-08-14,124.0
2018-08-15,
2018-08-16,117.0
2018-08-17,115.0
2018-08-18,106.0
2018-08-19,106.0
2018-08-20,
2018-08-21,
2018-08-22,122.0
2018-08-23,156.5
2018-08-24,171.0
2018-08-25,117.0
2018-08-26,
2018-08-27,105.0
2018-08-28,45.0
2018-08-29,128.5
2018-08-30,83.5
2018-08-31,109.0
2018-09-01,
2018-09-02,
2018-09-03,
2018-09-04,
2018-09-05,
2018-09-06,
2018-09-07,102.5
2018-09-08,97.0
2018-09-09,
2018-09-10,93.5
2018-09-11,28.0
2018-09-12,69.7
2018-09-13,
2018-09-14,83.0
2018-09-15,308.0
2018-09-16,
2018-09-17,282.0
2018-09-18,353.0
2018-09-19,327.0
2018-09-20,137.0
2018-09-21,153.0
2018-09-22,186.0
2018-09-23,139.0
2018-09-24,
2018-09-25,164.0
2018-09-26,185.5
2018-09-27,221.0
2018-09-28,263.0
2018-09-29,255.0
2018-09-30,
2018-10-01,438.0
2018-10-02,836.0
2018-10-03,580.0
2018-10-04,537.0
2018-10-05,581.0
2018-10-06,641.5
2018-10-07,
2018-10-08,2135.0
2018-10-09,2135.0
2018-10-10,
2018-10-11,2763.0
2018-10-12,3235.0
2018-10-13,3230.0
2018-10-14,
2018-10-15,3070.0
2018-10-16,3348.0
2018-10-17,3125.0
2018-10-18,2986.0
2018-10-19,
2018-10-20,2534.0
2018-10-21,
2018-10-22,3027.0
2018-10-23,3522.0
2018-10-24,3041.0
2018-10-25,3090.0
2018-10-26,2765.0
2018-10-27,2855.0
2018-10-28,
2018-10-29,3130.0
2018-10-30,3511.5
2018-10-31,3296.0
2018-11-01,3017.0
2018-11-02,
2018-11-03,2284.0
2018-11-04,
2018-11-05,
2018-11-06,
2018-11-07,
2018-11-08,
2018-11-09,
2018-11-10,
2018-11-11,
2018-11-12,2025.0
2018-11-13,3011.5
2018-11-14,1836.0
2018-11-15,2011.5
2018-11-16,1873.0
2018-11-17,1565.0
2018-11-18,
2018-11-19,1721.5
2018-11-20,451.5
2018-11-21,623.0
2018-11-22,687.5
2018-11-23,
2018-11-24,538.0
2018-11-25,
2018-11-26,588.0
2018-11-27,634.0
2018-11-28,617.5
2018-11-29,655.0
2018-11-30,525.0
2018-12-01,629.0
2018-12-02,
2018-12-03,729.0
2018-12-04,
2018-12-05,579.0
2018-12-06,680.0
2018-12-07,
2018-12-08,423.0
2018-12-09,
2018-12-10,216.5
2018-12-11,644.0
2018-12-12,403.0
2018-12-13,542.0
2018-12-14,607.0
2018-12-15,676.0
2018-12-16,
2018-12-17,601.5
2018-12-18,686.0
2018-12-19,697.0
2018-12-20,648.0
2018-12-21,555.0
2018-12-22,482.5
2018-12-23,
2018-12-24,429.0
2018-12-25,682.0
2018-12-26,503.5
2018-12-27,665.0
2018-12-28,583.0
2018-12-29,
2018-12-30,618.5
2018-12-31,657.0
2019-01-01,589.0
2019-01-02,381.5
2019-01-03,541.0
2019-01-04,723.5
2019-01-05,571.5
2019-01-06,
2019-01-07,
2019-01-08,
2019-01-09,
2019-01-10,
2019-01-11,488.0
2019-01-12,256.5
2019-01-13,
2019-01-14,
2019-01-15,683.0
2019-01-16,655.0
2019-01-17,569.0
2019-01-18,647.0
2019-01-19,605.0
2019-01-20,
2019-01-21,625.0
2019-01-22,605.0
2019-01-23,543.0
2019-01-24,684.0
2019-01-25,708.0
2019-01-26,
2019-01-27,
2019-01-28,708.0
2019-01-29,620.0
2019-01-30,656.0
2019-01-31,
2019-02-01,587.5
2019-02-02,583.0
2019-02-03,
2019-02-04,
2019-02-05,657.5
2019-02-06,669.5
2019-02-07,567.0
2019-02-08,567.0
2019-02-09,524.0
2019-02-10,
2019-02-11,334.0
2019-02-12,325.0
2019-02-13,408.0
2019-02-14,484.0
2019-02-15,459.0
2019-02-16,473.0
2019-02-17,
2019-02-18,
2019-02-19,
2019-02-20,
2019-02-21,
2019-02-22,620.0
2019-02-23,700.0
2019-02-24,
2019-02-25,530.0
2019-02-26,864.0
2019-02-27,557.0
2019-02-28,512.0
2019-03-01,481.0
2019-03-02,457.5
2019-03-03,
2019-03-04,
2019-03-05,427.5
2019-03-06,254.5
2019-03-07,308.5
2019-03-08,431.5
2019-03-09,382.0
2019-03-10,
2019-03-11,430.0
2019-03-12,251.0
2019-03-13,251.0
2019-03-14,241.5
2019-03-15,357.5
2019-03-16,321.5
2019-03-17,
2019-03-18,357.5
2019-03-19,301.5
2019-03-20,301.0
2019-03-21,
2019-03-22,215.0
2019-03-23,156.0
2019-03-24,
2019-03-25,232.0
2019-03-26,201.0
2019-03-27,268.0
2019-03-28,304.0
2019-03-29,327.5
2019-03-30,215.5
2019-03-31,
2019-04-01,206.5
2019-04-02,243.5
2019-04-03,283.0
2019-04-04,242.0
2019-04-05,238.0
2019-04-06,225.0
2019-04-07,
2019-04-08,212.5
2019-04-09,166.0
2019-04-10,172.0
2019-04-11,102.5
2019-04-12,103.0
2019-04-13,
2019-04-14,
2019-04-15,115.5
2019-04-16,116.0
2019-04-17,
2019-04-18,97.0
2019-04-19,150.0
2019-04-20,131.5
2019-04-21,
2019-04-22,121.0
2019-04-23,115.0
2019-04-24,89.0
2019-04-25,132.5
2019-04-26,116.5
2019-04-27,
2019-04-28,
2019-04-29,
2019-04-30,117.0
2019-05-01,126.5
2019-05-02,216.0
2019-05-03,75.0
2019-05-04,129.5
2019-05-05,
2019-05-06,131.0
2019-05-07,
2019-05-08,98.5
2019-05-09,115.0
2019-05-10,67.5
2019-05-11,130.0
2019-05-12,
2019-05-13,170.0
2019-05-14,80.0
2019-05-15,105.0
2019-05-16,255.0
2019-05-17,259.0
2019-05-18,260.0
2019-05-19,260.0
2019-05-20,113.0
2019-05-21,128.0
2019-05-22,157.0
2019-05-23,185.0
2019-05-24,207.0
2019-05-25,188.0
2019-05-26,
2019-05-27,266.5
2019-05-28,249.0
2019-05-29,230.0
2019-05-30,257.0
2019-05-31,229.5
2019-06-01,172.0
2019-06-02,
2019-06-03,
2019-06-04,172.0
2019-06-05,255.0
2019-06-06,215.0
2019-06-07,185.0
2019-06-08,160.0
2019-06-09,
2019-06-10,175.0
2019-06-11,218.0
2019-06-12,
2019-06-13,204.0
2019-06-14,261.5
2019-06-15,227.0
2019-06-16,
2019-06-17,231.0
2019-06-18,425.5
2019-06-19,355.0
2019-06-20,249.5
2019-06-21,289.0
2019-06-22,334.0
2019-06-23,
2019-06-24,285.0
2019-06-25,355.0
2019-06-26,327.0
2019-06-27,366.0
2019-06-28,301.0
2019-06-29,308.0
2019-06-30,
2019-07-01,257.5
2019-07-02,248.0
2019-07-03,245.0
2019-07-04,233.5
2019-07-05,221.0
2019-07-06,287.0
2019-07-07,
2019-07-08,152.0
2019-07-09,306.0
2019-07-10,258.0
2019-07-11,301.5
2019-07-12,208.5
2019-07-13,285.0
2019-07-14,
2019-07-15,329.0
2019-07-16,489.0
2019-07-17,378.0
2019-07-18,525.0
2019-07-19,486.0
2019-07-20,476.0
2019-07-21,
2019-07-22,425.0
2019-07-23,353.0
2019-07-24,308.0
2019-07-25,289.0
2019-07-26,
2019-07-27,258.0
2019-07-28,
2019-07-29,225.0
2019-07-30,258.0
2019-07-31,225.0
2019-08-01,196.0
2019-08-02,198.0
2019-08-03,228.0
2019-08-04,
2019-08-05,212.0
2019-08-06,257.0
2019-08-07,238.0
2019-08-08,187.0
2019-08-09,
2019-08-10,
2019-08-11,
2019-08-12,203.0
2019-08-13,231.0
2019-08-14,264.0
2019-08-15,
2019-08-16,220.0
2019-08-17,4.0
2019-08-18,
2019-08-19,135.0
2019-08-20,172.0
2019-08-21,189.0
2019-08-22,244.0
2019-08-23,328.0
2019-08-24,
2019-08-25,
2019-08-26,265.0
2019-08-27,
2019-08-28,208.0
2019-08-29,200.0
2019-08-30,242.5
2019-08-31,217.0
2019-09-01,
2019-09-02,
2019-09-03,
2019-09-04,
2019-09-05,247.0
2019-09-06,146.0
2019-09-07,163.5
2019-09-08,
2019-09-09,196.0
2019-09-10,152.0
2019-09-11,176.0
2019-09-12,
2019-09-13,143.0
2019-09-14,163.5
2019-09-15,
2019-09-16,147.0
2019-09-17,104.5
2019-09-18,103.5
2019-09-19,157.5
2019-09-20,183.0
2019-09-21,227.0
2019-09-22,
2019-09-23,120.0
2019-09-24,184.0
2019-09-25,114.0
2019-09-26,137.0
2019-09-27,182.0
2019-09-28,235.0
2019-09-29,
2019-09-30,217.0
2019-10-01,192.0
2019-10-02,183.5
2019-10-03,205.0
2019-10-04,189.0
2019-10-05,160.0
2019-10-06,
2019-10-07,122.0
2019-10-08,
2019-10-09,223.0
2019-10-10,257.0
2019-10-11,238.0
2019-10-12,624.0
2019-10-13,
2019-10-14,1260.0
2019-10-15,1205.0
2019-10-16,1860.0
2019-10-17,2450.0
2019-10-18,2550.0
2019-10-19,2860.0
2019-10-20,
2019-10-21,2230.0
2019-10-22,2535.0
2019-10-23,2320.0
2019-10-24,505.5
2019-10-25,
2019-10-26,
2019-10-27,
2019-10-28,
2019-10-29,
2019-10-30,2188.0
2019-10-31,1514.0
2019-11-01,1430.0
2019-11-02,1520.0
2019-11-03,
2019-11-04,1653.0
2019-11-05,1315.0
2019-11-06,1635.0
2019-11-07,1812.0
2019-11-08,1686.0
2019-11-09,1348.0
2019-11-10,
2019-11-11,1530.0
2019-11-12,
2019-11-13,1826.5
2019-11-14,1962.0
2019-11-15,1475.0
2019-11-16,1360.0
2019-11-17,
2019-11-18,1426.0
2019-11-19,1430.0
2019-11-20,1318.0
2019-11-21,1383.0
2019-11-22,1222.0
2019-11-23,1117.0
2019-11-24,
2019-11-25,1260.0
2019-11-26,1270.0
2019-11-27,1125.0
2019-11-28,1070.0
2019-11-29,1022.5
2019-11-30,1090.0
2019-12-01,
2019-12-02,932.5
2019-12-03,932.6
2019-12-04,825.0
2019-12-05,1053.0
2019-12-06,790.0
2019-12-07,856.0
2019-12-08,
2019-12-09,778.0
2019-12-10,755.0
2019-12-11,893.0
2019-12-12,745.0
2019-12-13,756.0
2019-12-14,836.5
2019-12-15,
2019-12-16,835.0
2019-12-17,764.0
2019-12-18,718.0
2019-12-19,820.0
2019-12-20,717.0
2019-12-21,805.0
2019-12-22,
2019-12-23,757.0
2019-12-24,692.0
2019-12-25,723.0
2019-12-26,
2019-12-27,681.5
2019-12-28,635.0
2019-12-29,
2019-12-30,682.5
2019-12-31,573.8
2020-01-01,445.0
2020-01-02,510.0
2020-01-03,485.0
2020-01-04,434.5
2020-01-05,
2020-01-06,445.0
2020-01-07,416.0
2020-01-08,405.0
2020-01-09,383.0
2020-01-10,359.0
2020-01-11,359.0
2020-01-12,
2020-01-13,407.0
2020-01-14,357.0
2020-01-15,
2020-01-16,464.0
2020-01-17,286.0
2020-01-18,323.0
2020-01-19,
2020-01-20,355.0
2020-01-21,314.0
2020-01-22,295.0
2020-01-23,324.0
2020-01-24,288.0
2020-01-25,345.0
2020-01-26,
2020-01-27,258.5
2020-01-28,249.0
2020-01-29,259.0
2020-01-30,
2020-01-31,287.5
2020-02-01,345.0
2020-02-02,
2020-02-03,335.0
2020-02-04,306.0
2020-02-05,286.5
2020-02-06,308.5
2020-02-07,308.0
2020-02-08,308.0
2020-02-09,
2020-02-10,305.5
2020-02-11,306.0
2020-02-12,275.0
2020-02-13,263.0
2020-02-14,
2020-02-15,223.0
2020-02-16,
2020-02-17,256.0
2020-02-18,206.5
2020-02-19,214.0
2020-02-20,215.0
2020-02-21,
2020-02-22,185.0
2020-02-23,
2020-02-24,156.5
2020-02-25,164.0
2020-02-26,191.0
2020-02-27,143.5
2020-02-28,127.0
2020-02-29,129.0
2020-03-01,
2020-03-02,130.0
2020-03-03,125.5
2020-03-04,121.0
2020-03-05,148.0
2020-03-06,123.4
2020-03-07,167.0
2020-03-08,
2020-03-09,152.0
2020-03-10,
2020-03-11,110.0
2020-03-12,87.0
2020-03-13,90.5
2020-03-14,110.0
2020-03-15,
2020-03-16,94.0
2020-03-17,107.0
2020-03-18,
2020-03-19,106.0
2020-03-20,66.0
2020-03-21,93.0
2020-03-22,
2020-03-23,
2020-03-24,
2020-03-25,
2020-03-26,
2020-03-27,
2020-03-28,
2020-03-29,
2020-03-30,
2020-03-31,
2020-04-01,
2020-04-02,
2020-04-03,
2020-04-04,
2020-04-05,
2020-04-06,
2020-04-07,
2020-04-08,
2020-04-09,
2020-04-10,
2020-04-11,
2020-04-12,
2020-04-13,
2020-04-14,
2020-04-15,
2020-04-16,
2020-04-17,
2020-04-18,
2020-04-19,
2020-04-20,
2020-04-21,
2020-04-22,
2020-04-23,
2020-04-24,
2020-04-25,
2020-04-26,
2020-04-27,
2020-04-28,
2020-04-29,
2020-04-30,
2020-05-01,
2020-05-02,
2020-05-03,
2020-05-04,
2020-05-05,
2020-05-06,
2020-05-07,
2020-05-08,
2020-05-09,
2020-05-10,
2020-05-11,
2020-05-12,
2020-05-13,
2020-05-14,
2020-05-15,
2020-05-16,
2020-05-17,
2020-05-18,
2020-05-19,55.0
2020-05-20,49.5
2020-05-21,
2020-05-22,
2020-05-23,
2020-05-24,
2020-05-25,
2020-05-26,77.5
2020-05-27,47.0
2020-05-28,
2020-05-29,200.5
2020-05-30,
2020-05-31,
2020-06-01,200.5
2020-06-02,
2020-06-03,342.5
2020-06-04,
2020-06-05,368.0
2020-06-06,323.0
2020-06-07,
2020-06-08,
2020-06-09,
2020-06-10,886.5
2020-06-11,
2020-06-12,935.0
2020-06-13,
2020-06-14,
2020-06-15,1260.0
2020-06-16,
2020-06-17,1936.0
2020-06-18,
2020-06-19,1037.0
2020-06-20,355.5
2020-06-21,
2020-06-22,943.0
2020-06-23,
2020-06-24,743.0
2020-06-25,642.5
2020-06-26,1114.0
2020-06-27,957.5
2020-06-28,
2020-06-29,856.0
2020-06-30,1073.0
2020-07-01,358.0
2020-07-02,333.5
2020-07-03,385.0
2020-07-04,778.5
2020-07-05,
2020-07-06,536.5
2020-07-07,453.5
2020-07-08,405.5
2020-07-09,457.5
2020-07-10,423.5
2020-07-11,459.0
2020-07-12,
2020-07-13,475.0
2020-07-14,408.0
2020-07-15,
2020-07-16,422.0
2020-07-17,624.0
2020-07-18,351.5
2020-07-19,
2020-07-20,
2020-07-21,390.0
2020-07-22,384.5
2020-07-23,423.0
2020-07-24,544.0
2020-07-25,522.5
2020-07-26,
2020-07-27,359.5
2020-07-28,453.5
2020-07-29,394.0
2020-07-30,379.0
2020-07-31,332.0
2020-08-01,328.5
2020-08-02,
2020-08-03,
2020-08-04,
2020-08-05,
2020-08-06,307.5
2020-08-07,257.0
2020-08-08,426.0
2020-08-09,
2020-08-10,436.0
2020-08-11,495.0
2020-08-12,
2020-08-13,309.5
2020-08-14,305.0
2020-08-15,
2020-08-16,
2020-08-17,
2020-08-18,
2020-08-19,
2020-08-20,
2020-08-21,
2020-08-22,
2020-08-23,
2020-08-24,
2020-08-25,
2020-08-26,
2020-08-27,
2020-08-28,
2020-08-29,
2020-08-30,
2020-08-31,
2020-09-01,
2020-09-02,
2020-09-03,
2020-09-04,443.5
2020-09-05,358.0
2020-09-06,
2020-09-07,483.0
2020-09-08,483.0
2020-09-09,426.5
2020-09-10,456.5
2020-09-11,378.0
2020-09-12,363.5
2020-09-13,
2020-09-14,214.0
2020-09-15,143.0
2020-09-16,138.0
2020-09-17,124.0
2020-09-18,143.0
2020-09-19,134.0
2020-09-20,
2020-09-21,
2020-09-22,158.0
2020-09-23,178.0
2020-09-24,159.0
2020-09-25,114.5
2020-09-26,134.5
2020-09-27,
2020-09-28,142.0
2020-09-29,387.0
2020-09-30,415.0
2020-10-01,505.0
2020-10-02,759.0
2020-10-03,675.5
2020-10-04,
2020-10-05,1437.0
2020-10-06,2502.0
2020-10-07,2222.5
2020-10-08,2672.5
2020-10-09,
2020-10-10,2563.5
2020-10-11,
2020-10-12,2047.0
2020-10-13,2507.5
2020-10-14,2155.5
2020-10-15,2263.5
2020-10-16,1949.5
2020-10-17,
2020-10-18,
2020-10-19,2133.0
2020-10-20,1875.5
2020-10-21,1435.0
2020-10-22,1727.5
2020-10-23,1834.0
2020-10-24,1637.0
2020-10-25,
2020-10-26,1234.0
2020-10-27,748.0
2020-10-28,
2020-10-29,819.0
2020-10-30,1122.5
2020-10-31,1596.5
2020-11-01,
2020-11-02,1348.5
2020-11-03,1360.0
2020-11-04,1293.5
2020-11-05,1411.0
2020-11-06,1167.0
2020-11-07,1245.5
2020-11-08,
2020-11-09,1121.0
2020-11-10,1171.0
2020-11-11,913.5
2020-11-12,973.5
2020-11-13,
2020-11-14,
2020-11-15,
2020-11-16,
2020-11-17,
2020-11-18,378.5
2020-11-19,664.0
2020-11-20,627.0
2020-11-21,570.5
2020-11-22,
2020-11-23,644.0
2020-11-24,768.0
2020-11-25,515.0
2020-11-26,512.0
2020-11-27,232.5
2020-11-28,356.0
2020-11-29,
2020-11-30,
2020-12-01,471.0
2020-12-02,801.0
2020-12-03,731.0
2020-12-04,608.5
2020-12-05,
2020-12-06,
2020-12-07,403.5
2020-12-08,
2020-12-09,725.0
2020-12-10,388.5
2020-12-11,421.0
2020-12-12,352.0
2020-12-13,
2020-12-14,
2020-12-15,156.0
2020-12-16,523.1
2020-12-17,413.5
2020-12-18,480.0
2020-12-19,501.5
2020-12-20,
2020-12-21,523.0
2020-12-22,405.0
2020-12-23,483.0
2020-12-24,504.5
2020-12-25,491.5
2020-12-26,529.0
2020-12-27,
2020-12-28,466.5
2020-12-29,412.0
2020-12-30,307.5
2020-12-31,294.5
2021-01-01,276.0
2021-01-02,195.0
2021-01-03,
2021-01-04,181.5
2021-01-05,236.5
2021-01-06,348.0
2021-01-07,487.0
2021-01-08,546.5
2021-01-09,255.0
2021-01-10,
2021-01-11,235.5
2021-01-12,306.0
2021-01-13,263.0
2021-01-14,
2021-01-15,257.0
2021-01-16,221.5
2021-01-17,
2021-01-18,293.0
2021-01-19,309.0
2021-01-20,317.0
2021-01-21,356.0
2021-01-22,313.0
2021-01-23,292.5
2021-01-24,
2021-01-25,280.5
2021-01-26,
2021-01-27,348.0
2021-01-28,196.5
2021-01-29,192.5
2021-01-30,260.0
2021-01-31,
2021-02-01,278.0
2021-02-02,171.0
2021-02-03,284.0
2021-02-04,341.0
2021-02-05,308.0
2021-02-06,178.0
2021-02-07,
2021-02-08,242.5
2021-02-09,163.5
2021-02-10,164.0
2021-02-11,228.0
2021-02-12,253.0
2021-02-13,240.5
2021-02-14,
2021-02-15,187.5
2021-02-16,
2021-02-17,173.0
2021-02-18,141.0
2021-02-19,391.5
2021-02-20,358.0
2021-02-21,
2021-02-22,320.5
2021-02-23,200.5
2021-02-24,226.0
2021-02-25,232.0
2021-02-26,232.0
2021-02-27,245.5
2021-02-28,
2021-03-01,186.0
2021-03-02,209.5
2021-03-03,187.0
2021-03-04,206.0
2021-03-05,217.0
2021-03-06,226.5
2021-03-07,
2021-03-08,192.5
2021-03-09,197.0
2021-03-10,203.5
2021-03-11,
2021-03-12,146.5
2021-03-13,127.0
2021-03-14,
2021-03-15,112.5
2021-03-16,109.0
2021-03-17,125.0
2021-03-18,154.5
2021-03-19,136.7
2021-03-20,178.0
2021-03-21,
2021-03-22,141.0
2021-03-23,165.5
2021-03-24,171.0
2021-03-25,145.0
2021-03-26,144.0
2021-03-27,
2021-03-28,
2021-03-29,135.0
2021-03-30,
2021-03-31,92.0
2021-04-01,112.5
2021-04-02,98.0
2021-04-03,76.0
2021-04-04,
2021-04-05,89.0
2021-04-06,77.5
2021-04-07,
2021-04-08,115.0
2021-04-09,67.0
2021-04-10,171.0
2021-04-11,
2021-04-12,64.5
2021-04-13,160.0
2021-04-14,103.2
2021-04-15,124.0
2021-04-16,172.0
2021-04-17,
2021-04-18,
2021-04-19,152.3
2021-04-20,120.5
2021-04-21,
2021-04-22,146.0
2021-04-23,123.9
2021-04-24,123.9
2021-04-25,
2021-04-26,118.0
2021-04-27,93.6
2021-04-28,127.2
2021-04-29,
2021-04-30,
2021-05-01,
2021-05-02,
2021-05-03,125.6
2021-05-04,62.0
2021-05-05,96.0
2021-05-06,
2021-05-07,
2021-05-08,
2021-05-09,
2021-05-10,
2021-05-11,
2021-05-12,
2021-05-13,
2021-05-14,
2021-05-15,
2021-05-16,
2021-05-17,
2021-05-18,
2021-05-19,
2021-05-20,
2021-05-21,
2021-05-22,
2021-05-23,
2021-05-24,
2021-05-25,
2021-05-26,
2021-05-27,
2021-05-28,104.5
2021-05-29,150.1
2021-05-30,
2021-05-31,79.2
2021-06-01,157.5
2021-06-02,130.6
2021-06-03,139.0
2021-06-04,135.4
2021-06-05,141.8
2021-06-06,
2021-06-07,106.3
2021-06-08,159.5
2021-06-09,146.5
2021-06-10,182.6
2021-06-11,259.0
2021-06-12,203.8
2021-06-13,
2021-06-14,205.1
2021-06-15,221.4
2021-06-16,215.0
2021-06-17,207.2
2021-06-18,198.6
2021-06-19,208.7
2021-06-20,
2021-06-21,157.6
2021-06-22,180.0
2021-06-23,172.5
2021-06-24,188.9
2021-06-25,162.4
2021-06-26,248.5
2021-06-27,
2021-06-28,208.6
2021-06-29,197.5
2021-06-30,121.5
2021-07-01,134.5
2021-07-02,203.0
2021-07-03,207.6
2021-07-04,
2021-07-05,200.1
2021-07-06,219.0
2021-07-07,
2021-07-08,
2021-07-09,
2021-07-10,
2021-07-11,
2021-07-12,
2021-07-13,139.0
2021-07-14,147.0
2021-07-15,128.8
2021-07-16,
2021-07-17,99.0
2021-07-18,
2021-07-19,127.3
2021-07-20,126.9
2021-07-21,205.8
2021-07-22,226.8
2021-07-23,218.1
2021-07-24,210.5
2021-07-25,
2021-07-26,281.7
2021-07-27,261.5
2021-07-28,196.5
2021-07-29,308.6
2021-07-30,758.0
2021-07-31,823.0
2021-08-01,
2021-08-02,609.2
2021-08-03,153.5
2021-08-04,70.5
2021-08-05,81.5
2021-08-06,61.7
2021-08-07,112.9
2021-08-08,
2021-08-09,58.8
2021-08-10,116.0
2021-08-11,118.0
2021-08-12,127.3
2021-08-13,122.0
2021-08-14,202.8
2021-08-15,
2021-08-16,98.9
2021-08-17,76.8
2021-08-18,122.8
2021-08-19,108.3
2021-08-20,83.6
2021-08-21,54.7
2021-08-22,
2021-08-23,25.0
2021-08-24,22.7
2021-08-25,35.0
2021-08-26,46.7
2021-08-27,43.7
2021-08-28,
2021-08-29,
2021-08-30,59.9
2021-08-31,
2021-09-01,43.0
2021-09-02,35.2
2021-09-03,57.4
2021-09-04,55.5
2021-09-05,
2021-09-06,84.2
2021-09-07,71.0
2021-09-08,59.1
2021-09-09,59.6
2021-09-10,
2021-09-11,40.0
2021-09-12,
2021-09-13,60.0
2021-09-14,58.0
2021-09-15,25.6
2021-09-16,78.9
2021-09-17,25.7
2021-09-18,58.2
2021-09-19,
2021-09-20,67.1
2021-09-21,30.0
2021-09-22,52.7
2021-09-23,87.4
2021-09-24,157.0
2021-09-25,104.3
2021-09-26,
2021-09-27,104.4
2021-09-28,85.0
2021-09-29,81.9
2021-09-30,53.9
2021-10-01,63.3
2021-10-02,39.2
2021-10-03,
2021-10-04,48.0
2021-10-05,116.9
2021-10-06,90.9
2021-10-07,
2021-10-08,118.8
2021-10-09,134.2
2021-10-10,
2021-10-11,143.7
2021-10-12,216.5
2021-10-13,222.3
2021-10-14,163.0
2021-10-15,
2021-10-16,157.0
2021-10-17,
2021-10-18,334.0
2021-10-19,398.3
2021-10-20,325.2
2021-10-21,391.0
2021-10-22,391.0
2021-10-23,627.5
2021-10-24,
2021-10-25,586.4
2021-10-26,757.6
2021-10-27,
2021-10-28,709.0
2021-10-29,1347.5
2021-10-30,1409.2
2021-10-31,
2021-11-01,1408.5
2021-11-02,
2021-11-03,
2021-11-04,
2021-11-05,
2021-11-06,
2021-11-07,
2021-11-08,2109.4
2021-11-09,1704.4
2021-11-10,1577.6
2021-11-11,1598.2
2021-11-12,1792.4
2021-11-13,1671.2
2021-11-14,
2021-11-15,1485.0
2021-11-16,1452.0
2021-11-17,1423.5
2021-11-18,
2021-11-19,
2021-11-20,
2021-11-21,
2021-11-22,
2021-11-23,1448.0
2021-11-24,1511.0
2021-11-25,1611.0
2021-11-26,1469.0
2021-11-27,1025.0
2021-11-28,
2021-11-29,1077.0
2021-11-30,765.0
2021-12-01,347.5
2021-12-02,323.0
2021-12-03,84.5
2021-12-04,66.0
2021-12-05,
2021-12-06,281.0
2021-12-07,385.0
2021-12-08,433.0
2021-12-09,435.0
2021-12-10,445.0
2021-12-11,447.0
2021-12-12,
2021-12-13,389.0
2021-12-14,223.0
2021-12-15,253.0
2021-12-16,223.0
2021-12-17,259.0
2021-12-18,367.0
2021-12-19,
2021-12-20,289.0
2021-12-21,338.0
2021-12-22,287.0
2021-12-23,295.0
2021-12-24,284.0
2021-12-25,288.0
2021-12-26,
2021-12-27,302.0
2021-12-28,278.5
2021-12-29,84.0
2021-12-30,95.0
2021-12-31,
2022-01-01,230.5
2022-01-02,
2022-01-03,237.0
2022-01-04,286.0
2022-01-05,315.0
2022-01-06,335.0
2022-01-07,72.0
2022-01-08,64.5
2022-01-09,
2022-01-10,152.0
2022-01-11,324.0
2022-01-12,407.0
2022-01-13,561.0
2022-01-14,
2022-01-15,557.0
2022-01-16,
2022-01-17,386.0
2022-01-18,261.0
2022-01-19,224.0
2022-01-20,224.0
2022-01-21,327.5
2022-01-22,125.0
2022-01-23,
2022-01-24,156.0
2022-01-25,
2022-01-26,
2022-01-27,338.0
2022-01-28,618.5
2022-01-29,583.0
2022-01-30,
2022-01-31,625.0
